DeviceObj,Circuit,Location,Debug
AHU-1,MWSB.1-PBA.1,,
AHU-4,MWSB.1-PBA.2,,
AHU-1,MWSB.1-PBA.3,,
AHU-4,MWSB.1-PBA.4,,
AHU-1,MWSB.1-PBA.5,,
AHU-4,MWSB.1-PBA.6,,
F-1,MWSB.1-PBA.7,,
AHU-6,MWSB.1-PBA.8,,
F-1,MWSB.1-PBA.9,,
AHU-6,MWSB.1-PBA.10,,
F-1,MWSB.1-PBA.11,,
AHU-6,MWSB.1-PBA.12,,
AHU-3,MWSB.1-PBA.13,,
F-2,MWSB.1-PBA.14,,
AHU-3,MWSB.1-PBA.15,,
F-2,MWSB.1-PBA.16,,
AHU-3,MWSB.1-PBA.17,,
F-2,MWSB.1-PBA.18,,
F-5,MWSB.1-PBA.19,,
F-4,MWSB.1-PBA.20,,
F-5,MWSB.1-PBA.21,,
F-4,MWSB.1-PBA.22,,
F-5,MWSB.1-PBA.23,,
F-4,MWSB.1-PBA.24,,
AHU-7,MWSB.1-PBA.25,,
AHU-7,MWSB.1-PBA.27,,
AHU-7,MWSB.1-PBA.29,,
ACCU-6,MWSB.4-M1.1,,
ACCU-3,MWSB.4-M1.2,,
ACCU-5,MWSB.4-M1.3,,
ACCU-4,MWSB.4-M1.5,,
Lights,MWSB.5-DHB.1-L42sec1.2,4040,
Lights,MWSB.5-DHB.1-L42sec1.3,4041,
Lights,MWSB.5-DHB.1-L42sec1.3,4042,
Lights,MWSB.5-DHB.1-L42sec1.3,4047,
Lights,MWSB.5-DHB.1-L42sec1.3,4048,
Lights,MWSB.5-DHB.1-L42sec1.3,4051,
Lights,MWSB.5-DHB.1-L42sec1.4,4043,
Lights,MWSB.5-DHB.1-L42sec1.5,4049,
Lights,MWSB.5-DHB.1-L42sec1.6,4050,
Lights,MWSB.5-DHB.1-L42sec1.7,4052,
Lights,MWSB.5-DHB.1-L42sec1.9,4052A,
Lights,MWSB.5-DHB.1-L42sec1.9,4053,
Lights,MWSB.5-DHB.1-L42sec1.10,4058,
Lights,MWSB.5-DHB.1-L42sec1.11,4060,
Lights,MWSB.5-DHB.1-L42sec1.13,4046,
Lights,MWSB.5-DHB.1-L42sec1.13,4046A,
Lights,MWSB.5-DHB.1-L42sec1.14,4055,
Lights,MWSB.5-DHB.1-L42sec1.14,4056,
baths,MWSB.5-DHB.1-L42sec1.14,,
Corridor night light,MWSB.5-DHB.1-L42sec1.15,,
Lights,MWSB.5-DHB.1-L42sec1.20,3037,
Lights,MWSB.5-DHB.1-L42sec1.22,3037,
Lights,MWSB.5-DHB.1-L42sec1.23,3037,
Lights,MWSB.5-DHB.1-L42sec1.24,3037,
Lights,MWSB.5-DHB.1-L42sec2.25,3037,
Lights,MWSB.5-DHB.1-L42sec2.26,3037,
Lights,MWSB.5-DHB.1-L42sec2.27,3037,
Fan F-48,MWSB.5-DHB.1-L42sec2.29,,
Fan F-48,MWSB.5-DHB.1-L42sec2.31,,
AHU-10,MWSB.5-DHB.1-L42sec2.32,,
Fan F-48,MWSB.5-DHB.1-L42sec2.33,,
AHU-10,MWSB.5-DHB.1-L42sec2.34,,
AHU-10,MWSB.5-DHB.1-L42sec2.36,,
L2C via T2C,MWSB.5-DHB.1-L42sec2.40,,
T2C > L2C,MWSB.5-DHB.1-L42sec2.40,,
L2C via T2C,MWSB.5-DHB.1-L42sec2.42,,
T2C > L2C,MWSB.5-DHB.1-L42sec2.42,,
fan F-47B,MWSB.5-DHB.1-L42sec2.44,Roof,
F-47B,MWSB.5-DHB.1-L42sec2.46,Roof,
Roof fan F-47B,MWSB.5-DHB.1-L42sec2.48,,
Hand Dryer,MWSB.5-DHB.1-L42sec2.38-T2C.L2C.1,4047,
Outlets,MWSB.5-DHB.1-L42sec2.38-T2C.L2C.2,4040,
Outlets,MWSB.5-DHB.1-L42sec2.38-T2C.L2C.3,4040,
Outlets,MWSB.5-DHB.1-L42sec2.38-T2C.L2C.4,4040,
Outlets,MWSB.5-DHB.1-L42sec2.38-T2C.L2C.5,4043,
Outlets,MWSB.5-DHB.1-L42sec2.38-T2C.L2C.6,4043,
Outlets,MWSB.5-DHB.1-L42sec2.38-T2C.L2C.7,4043,
Outlets,MWSB.5-DHB.1-L42sec2.38-T2C.L2C.8,4041,
Outlets,MWSB.5-DHB.1-L42sec2.38-T2C.L2C.9,4041,
Outlets,MWSB.5-DHB.1-L42sec2.38-T2C.L2C.10,4056,
Outlets corr,MWSB.5-DHB.1-L42sec2.38-T2C.L2C.10,4045,
Outlets,MWSB.5-DHB.1-L42sec2.38-T2C.L2C.11,4042,
Outlets,MWSB.5-DHB.1-L42sec2.38-T2C.L2C.12,4049,
Outlets,MWSB.5-DHB.1-L42sec2.38-T2C.L2C.13,4049,
Outlets,MWSB.5-DHB.1-L42sec2.38-T2C.L2C.14,4049,
Outlets,MWSB.5-DHB.1-L42sec2.38-T2C.L2C.15,4047,
Outlets,MWSB.5-DHB.1-L42sec2.38-T2C.L2C.15,4048,
Outlets,MWSB.5-DHB.1-L42sec2.38-T2C.L2C.16,4051,
Outlets,MWSB.5-DHB.1-L42sec2.38-T2C.L2C.17,4050,
Outlets,MWSB.5-DHB.1-L42sec2.38-T2C.L2C.18,4050,
Outlets,MWSB.5-DHB.1-L42sec2.38-T2C.L2C.19,4050,
Outlets,MWSB.5-DHB.1-L42sec2.38-T2C.L2C.20,4052,
Outlets,MWSB.5-DHB.1-L42sec2.38-T2C.L2C.21,4052,
Outlets,MWSB.5-DHB.1-L42sec2.38-T2C.L2C.21,4052A,
Outlets,MWSB.5-DHB.1-L42sec2.38-T2C.L2C.22,4052,
Outlets,MWSB.5-DHB.1-L42sec2.38-T2C.L2C.23,4052A,
Outlets,MWSB.5-DHB.1-L42sec2.38-T2C.L2C.24,4052A,
Outlets,MWSB.5-DHB.1-L42sec2.38-T2C.L2C.25,4053,
Outlets,MWSB.5-DHB.1-L42sec2.38-T2C.L2C.26,4053,
Outlets,MWSB.5-DHB.1-L42sec2.38-T2C.L2C.27,4053,
Outlets,MWSB.5-DHB.1-L42sec2.38-T2C.L2C.28,4058,
Outlets,MWSB.5-DHB.1-L42sec2.38-T2C.L2C.29,4058,
Outlets,MWSB.5-DHB.1-L42sec2.38-T2C.L2C.30,4058,
Outlets,MWSB.5-DHB.1-L42sec2.38-T2C.L2C.31,4060,
Outlets,MWSB.5-DHB.1-L42sec2.38-T2C.L2C.32,4060,
Outlets,MWSB.5-DHB.1-L42sec2.38-T2C.L2C.33,4060,
fan F-64,MWSB.5-DHB.1-L42sec2.38-T2C.L2C.35,Roof,
fan F-65,MWSB.5-DHB.1-L42sec2.38-T2C.L2C.35,Roof,
fan F-39,MWSB.5-DHB.1-L42sec2.38-T2C.L2C.37,Roof,
fan F-39A,MWSB.5-DHB.1-L42sec2.38-T2C.L2C.37,Roof,
AHU-8 Control Panel,MWSB.5-DHB.1-L42sec2.38-T2C.L2C.37,Roof,
Electric Water Cooler corr,MWSB.5-DHB.1-L42sec2.38-T2C.L2C.39,4045,
Outlets,MWSB.5-DHB.2-T2BA.L2BAsec1.2,4022,
Outlets,MWSB.5-DHB.2-T2BA.L2BAsec1.3,4022,
Outlets,MWSB.5-DHB.2-T2BA.L2BAsec1.4,4023,
Outlets,MWSB.5-DHB.2-T2BA.L2BAsec1.5,4025,
Outlets,MWSB.5-DHB.2-T2BA.L2BAsec1.6,4026,
Outlets,MWSB.5-DHB.2-T2BA.L2BAsec1.7,4027,
Outlets,MWSB.5-DHB.2-T2BA.L2BAsec1.8,4028,
Outlets,MWSB.5-DHB.2-T2BA.L2BAsec1.9,4029,
Outlets,MWSB.5-DHB.2-T2BA.L2BAsec1.10,4029,
telepole,MWSB.5-DHB.2-T2BA.L2BAsec1.11,375,
Uni Vent (UV) Room,MWSB.5-DHB.2-T2BA.L2BAsec1.14,377-01,
UV,MWSB.5-DHB.2-T2BA.L2BAsec1.25,4003,
UV,MWSB.5-DHB.2-T2BA.L2BAsec1.25,4004,
UV,MWSB.5-DHB.2-T2BA.L2BAsec1.26,4002,
UV,MWSB.5-DHB.2-T2BA.L2BAsec1.26,4032,
UV,MWSB.5-DHB.2-T2BA.L2BAsec1.27,4033,
UV,MWSB.5-DHB.2-T2BA.L2BAsec1.28,4035,
UV,MWSB.5-DHB.2-T2BA.L2BAsec1.28,4036,
UV,MWSB.5-DHB.2-T2BA.L2BAsec1.29,4039,
UV,MWSB.5-DHB.2-T2BA.L2BAsec1.30,4032,
Double Oven,MWSB.5-DHB.2-T2BA.L2BAsec2.31,4014,
Outlets above rm 369,MWSB.5-DHB.2-T2BA.L2BAsec2.32,Roof,
Double Oven,MWSB.5-DHB.2-T2BA.L2BAsec2.33,4014,
Dishwasher,MWSB.5-DHB.2-T2BA.L2BAsec2.34,4016,
Cooktop,MWSB.5-DHB.2-T2BA.L2BAsec2.35,4014,
Cooktop,MWSB.5-DHB.2-T2BA.L2BAsec2.37,4014,
Clothes Dryer,MWSB.5-DHB.2-T2BA.L2BAsec2.39,4014,
Cooktop,MWSB.5-DHB.2-T2BA.L2BAsec2.40,4016,
Clothes Dryer,MWSB.5-DHB.2-T2BA.L2BAsec2.41,4014,
Cooktop,MWSB.5-DHB.2-T2BA.L2BAsec2.42,4016,
Cooktop,MWSB.5-DHB.2-T2BA.L2BAsec2.43,4016,
Wall Oven,MWSB.5-DHB.2-T2BA.L2BAsec2.44,4016,
Cooktop,MWSB.5-DHB.2-T2BA.L2BAsec2.45,4016,
Wall Oven,MWSB.5-DHB.2-T2BA.L2BAsec2.46,4016,
Clothes Dryer,MWSB.5-DHB.2-T2BA.L2BAsec2.47,4016,
Electric Range,MWSB.5-DHB.2-T2BA.L2BAsec2.48,4016,
Clothes Dryer,MWSB.5-DHB.2-T2BA.L2BAsec2.49,4016,
Electric Range,MWSB.5-DHB.2-T2BA.L2BAsec2.50,4016,
Air Condenser,MWSB.5-DHB.2-T2BA.L2BAsec2.51,4016,
Electric Range,MWSB.5-DHB.2-T2BA.L2BAsec2.52,4016,
Air Condenser,MWSB.5-DHB.2-T2BA.L2BAsec2.53,4016,
Electric Range,MWSB.5-DHB.2-T2BA.L2BAsec2.54,4016,
Air Condenser,MWSB.5-DHB.2-T2BA.L2BAsec2.56,369,
Air Condenser,MWSB.5-DHB.2-T2BA.L2BAsec2.58,369,
Handicap door (South),MWSB.5-DHB.3-T1A.L1A.1,3007A,
Outlets,MWSB.5-DHB.3-T1A.L1A.2,3110,
Outlets,MWSB.5-DHB.3-T1A.L1A.2,3007,
Outlets,MWSB.5-DHB.3-T1A.L1A.2,3008,
Water Cooler,MWSB.5-DHB.3-T1A.L1A.2,3008A,
HandDryer,MWSB.5-DHB.3-T1A.L1A.3,3111,
Outlets,MWSB.5-DHB.3-T1A.L1A.4,3112,
Outlets,MWSB.5-DHB.3-T1A.L1A.5,3112,
Outlets,MWSB.5-DHB.3-T1A.L1A.6,3112,
Outlets,MWSB.5-DHB.3-T1A.L1A.7,3113,
Outlets,MWSB.5-DHB.3-T1A.L1A.8,3113,
Outlets,MWSB.5-DHB.3-T1A.L1A.9,3113,
Outlets,MWSB.5-DHB.3-T1A.L1A.10,3114,
Outlets,MWSB.5-DHB.3-T1A.L1A.11,3114,
Outlets,MWSB.5-DHB.3-T1A.L1A.12,3114,
UV,MWSB.5-DHB.3-T1A.L1A.13,3011,
UV,MWSB.5-DHB.3-T1A.L1A.14,3008,
UV,MWSB.5-DHB.3-T1A.L1A.14,3009,
UV,MWSB.5-DHB.3-T1A.L1A.14,3010,
UV,MWSB.5-DHB.3-T1A.L1A.15,3013,
UV,MWSB.5-DHB.3-T1A.L1A.15,3014,
UV,MWSB.5-DHB.3-T1A.L1A.15,3020,
UV,MWSB.5-DHB.3-T1A.L1A.15,3025,
UV,MWSB.5-DHB.3-T1A.L1A.16,3012,
UV,MWSB.5-DHB.3-T1A.L1A.16,3024,
UV,MWSB.5-DHB.3-T1A.L1A.17,3025,
UV,MWSB.5-DHB.3-T1A.L1A.18,3009,
CUH Corr,MWSB.5-DHB.3-T1A.L1A.18,3007,
Door,MWSB.5-DHB.3-T1A.L1A.18,South End,
UV,MWSB.5-DHB.3-T1A.L1A.19,3025,
Double Oven,MWSB.5-DHB.3-T1A.L1A.21,3025,
Double Oven,MWSB.5-DHB.3-T1A.L1A.23,3025,
Outlets,MWSB.5-DHB.3-T1A.L1A.29,3008,
Outlets,MWSB.5-DHB.3-T1A.L1A.29,3009,
Outlets,MWSB.5-DHB.3-T1A.L1A.30,3008,
Outlets,MWSB.5-DHB.3-T1A.L1A.30,3009,
Handicap door (North),MWSB.5-DHB.4-T1DA.L1DA.1,3115,
Outlets,MWSB.5-DHB.4-T1DA.L1DA.2,3115,
Outlets,MWSB.5-DHB.4-T1DA.L1DA.3,3115,
Outlets,MWSB.5-DHB.4-T1DA.L1DA.4,3115,
Outlets,MWSB.5-DHB.4-T1DA.L1DA.5,3116,
Outlets,MWSB.5-DHB.4-T1DA.L1DA.6,3116,
Outlets,MWSB.5-DHB.4-T1DA.L1DA.7,3116,
Outlets,MWSB.5-DHB.4-T1DA.L1DA.8,3117,
Outlets,MWSB.5-DHB.4-T1DA.L1DA.9,3117,
Outlets,MWSB.5-DHB.4-T1DA.L1DA.10,3117,
Hand dryer,MWSB.5-DHB.4-T1DA.L1DA.11,3118,
Outlets Water cooler,MWSB.5-DHB.4-T1DA.L1DA.12,3110,corr 3110
UV,MWSB.5-DHB.4-T1DA.L1DA.13,3029,
UV,MWSB.5-DHB.4-T1DA.L1DA.13,3030,
UV,MWSB.5-DHB.4-T1DA.L1DA.14,3099,
UV,MWSB.5-DHB.4-T1DA.L1DA.14,3100,
UV,MWSB.5-DHB.4-T1DA.L1DA.14,3098,
UV,MWSB.5-DHB.4-T1DA.L1DA.15,3101B,
UV,MWSB.5-DHB.4-T1DA.L1DA.16,3101,
UV,MWSB.5-DHB.4-T1DA.L1DA.17,3117,
CUH corr,MWSB.5-DHB.4-T1DA.L1DA.17,(North),
UV,MWSB.5-DHB.4-T1DA.L1DA.18,3115,
UV,MWSB.5-DHB.4-T1DA.L1DA.18,3116,
UV,MWSB.5-DHB.4-T1DA.L1DA.18,3123,
Washer,MWSB.5-DHB.5-T2A.L2A.1,4016,
Outlets,MWSB.5-DHB.5-T2A.L2A.2,4008,
Outlets,MWSB.5-DHB.5-T2A.L2A.3,4008,
Outlets,MWSB.5-DHB.5-T2A.L2A.4,4008,
Outlets,MWSB.5-DHB.5-T2A.L2A.5,4007,
Outlets,MWSB.5-DHB.5-T2A.L2A.6,4007,
Outlets,MWSB.5-DHB.5-T2A.L2A.7,4007,
Outlets,MWSB.5-DHB.5-T2A.L2A.8,4006,
Outlets,MWSB.5-DHB.5-T2A.L2A.9,4006,
Outlets,MWSB.5-DHB.5-T2A.L2A.10,4006,
Outlets,MWSB.5-DHB.5-T2A.L2A.11,4005,
Outlets,MWSB.5-DHB.5-T2A.L2A.12,4005,
Outlets,MWSB.5-DHB.5-T2A.L2A.13,4005,
Outlets,MWSB.5-DHB.5-T2A.L2A.14,4016,
Outlets,MWSB.5-DHB.5-T2A.L2A.15,4016,
Outlets,MWSB.5-DHB.5-T2A.L2A.16,4016,
Outlets,MWSB.5-DHB.5-T2A.L2A.17,4014,
Bathroom,MWSB.5-DHB.5-T2A.L2A.17,4015,
Bathroom,MWSB.5-DHB.5-T2A.L2A.17,4015A,
Outlets,MWSB.5-DHB.5-T2A.L2A.18,4013,
Outlets,MWSB.5-DHB.5-T2A.L2A.18,4014,
Outlets,MWSB.5-DHB.5-T2A.L2A.19,4014,
Outlets,MWSB.5-DHB.5-T2A.L2A.21,4013,
Outlets,MWSB.5-DHB.5-T2A.L2A.21,4014,
Outlets,MWSB.5-DHB.5-T2A.L2A.22,4012,
Outlets,MWSB.5-DHB.5-T2A.L2A.23,4011,
Hand dryer,MWSB.5-DHB.5-T2A.L2A.24,4010,
Outlets,MWSB.5-DHB.5-T2A.L2A.25,4009,
UV,MWSB.5-DHB.5-T2A.L2A.26,4090,
UV,MWSB.5-DHB.5-T2A.L2A.27,4074,
UV,MWSB.5-DHB.5-T2A.L2A.28,4007,
UV,MWSB.5-DHB.5-T2A.L2A.28,4008,
UV,MWSB.5-DHB.5-T2A.L2A.29,4005,
UV,MWSB.5-DHB.5-T2A.L2A.29,4006,
UV,MWSB.5-DHB.5-T2A.L2A.29,4004,
UV,MWSB.5-DHB.5-T2A.L2A.30,4014,
UV,MWSB.5-DHB.5-T2A.L2A.30,4016,
Hand dryer,MWSB.5-DHB.5-T2A.L2A.31,4015,
Washer,MWSB.5-DHB.5-T2A.L2A.32,4014,
Hand dryer,MWSB.5-DHB.5-T2A.L2A.33,4015A,
Gas range,MWSB.5-DHB.5-T2A.L2A.34,4016,
Dishwasher,MWSB.5-DHB.5-T2A.L2A.35,4014,
Exhaust hood,MWSB.5-DHB.5-T2A.L2A.37,4014,
Disposal,MWSB.5-DHB.5-T2A.L2A.41,4016,
Outlets,MWSB.5-DHB.6-T2DA.L2DA.2,4020,
Outlets,MWSB.5-DHB.6-T2DA.L2DA.3,4020,
Outlets,MWSB.5-DHB.6-T2DA.L2DA.4,4020,
Outlets,MWSB.5-DHB.6-T2DA.L2DA.5,4021,
Outlets,MWSB.5-DHB.6-T2DA.L2DA.6,4021,
Outlets,MWSB.5-DHB.6-T2DA.L2DA.7,4021A,
Outlets,MWSB.5-DHB.6-T2DA.L2DA.8,4021A,
Outlets,MWSB.5-DHB.6-T2DA.L2DA.9,4068,
Janitor Closet,MWSB.5-DHB.6-T2DA.L2DA.9,4068,
Outlets,MWSB.5-DHB.6-T2DA.L2DA.10,4068,
Outlets,MWSB.5-DHB.6-T2DA.L2DA.11,4068,
Lights vestibule,MWSB.5-DHB.6-T2DA.L2DA.12,4068,
Lights Library (wall),MWSB.5-DHB.6-T2DA.L2DA.14,3037A,
Lights Library (wall),MWSB.5-DHB.6-T2DA.L2DA.15,3037A,
Outlets,MWSB.5-DHB.6-T2DA.L2DA.16,4064,
Outlets,MWSB.5-DHB.6-T2DA.L2DA.17,4064,
Outlets,MWSB.5-DHB.6-T2DA.L2DA.18,4064,
Outlets,MWSB.5-DHB.6-T2DA.L2DA.19,4063,
Outlets,MWSB.5-DHB.6-T2DA.L2DA.20,4063,
Outlets,MWSB.5-DHB.6-T2DA.L2DA.21,4063,
Outlets,MWSB.5-DHB.6-T2DA.L2DA.22,4062,
Outlets,MWSB.5-DHB.6-T2DA.L2DA.23,4062,
Outlets,MWSB.5-DHB.6-T2DA.L2DA.24,4062,
Outlets,MWSB.5-DHB.6-T2DA.L2DA.25,4061,
Outlets,MWSB.5-DHB.6-T2DA.L2DA.26,4061,
Outlets,MWSB.5-DHB.6-T2DA.L2DA.27,4061,
UV,MWSB.5-DHB.6-T2DA.L2DA.28,4082,
UV,MWSB.5-DHB.6-T2DA.L2DA.28,4083,
UV,MWSB.5-DHB.6-T2DA.L2DA.29,4063,
UV,MWSB.5-DHB.6-T2DA.L2DA.29,4064,
UV,MWSB.5-DHB.6-T2DA.L2DA.30,4089,
UV,MWSB.5-DHB.6-T2DA.L2DA.31,4060,
UV,MWSB.5-DHB.6-T2DA.L2DA.31,4061,
UV,MWSB.5-DHB.6-T2DA.L2DA.31,4062,
UV,MWSB.5-DHB.6-T2DA.L2DA.32,4020,
UV,MWSB.5-DHB.6-T2DA.L2DA.32,4021,
UV,MWSB.5-DHB.6-T2DA.L2DA.33,4021A,
AC Unit,MWSB.5-DHB.6-T2DA.L2DA.37,377,
Condenser (Rooftop),MWSB.5-DHB.6-T2DA.L2DA.38,3101,
Outlets AC Unit,MWSB.5-DHB.6-T2DA.L2DA.39,377,
Condenser (Rooftop),MWSB.5-DHB.6-T2DA.L2DA.40,3101,
AC Unit,MWSB.5-DHB.6-T2DA.L2DA.41,377,
Condenser (Rooftop),MWSB.5-DHB.6-T2DA.L2DA.42,3101,
Outlets,MWSB.5-DHB.9-T2CA.L2CA.2,4059,
Outlets corr,MWSB.5-DHB.9-T2CA.L2CA.2,4019,
Outlets Water cooler,MWSB.5-DHB.9-T2CA.L2CA.2,4019,
Outlets,MWSB.5-DHB.9-T2CA.L2CA.3,4057,
Outlets,MWSB.5-DHB.9-T2CA.L2CA.4,4055,
Outlets,MWSB.5-DHB.9-T2CA.L2CA.4,4056,
Outlets,MWSB.5-DHB.9-T2CA.L2CA.4,4059A,
Outlets,MWSB.5-DHB.9-T2CA.L2CA.5,4045,
Outlets,MWSB.5-DHB.9-T2CA.L2CA.5,4056A,
AHU-10 controls,MWSB.5-DHB.9-T2CA.L2CA.5,,
Outlets,MWSB.5-DHB.9-T2CA.L2CA.6,4046,
Outlets,MWSB.5-DHB.9-T2CA.L2CA.7,4046,
Outlets,MWSB.5-DHB.9-T2CA.L2CA.8,4046,
Outlets,MWSB.5-DHB.9-T2CA.L2CA.9,4046,
Outlets,MWSB.5-DHB.9-T2CA.L2CA.10,4046,
Outlets,MWSB.5-DHB.9-T2CA.L2CA.11,4046,
Outlets,MWSB.5-DHB.9-T2CA.L2CA.12,4046,
Outlets,MWSB.5-DHB.9-T2CA.L2CA.13,4046,
Contactor Controls,MWSB.5-DHB.9-T2CA.L2CA.13,4046,
Destratification Fans Library,MWSB.5-DHB.9-T2CA.L2CA.14,3037,
Hand dryer,MWSB.5-DHB.9-T2CA.L2CA.15,4056,
Destratification Fans Library,MWSB.5-DHB.9-T2CA.L2CA.16,3037,
Hand dryer,MWSB.5-DHB.9-T2CA.L2CA.17,4055,
Air conditioning unit,MWSB.5-DHB.9-T2CA.L2CA.18,360,
Air conditioning unit,MWSB.5-DHB.9-T2CA.L2CA.20,360,
Outlets copier,MWSB.5-DHB.9-T2CA.L2CA.23,358,
UV,MWSB.5-DHB.9-T2CA.L2CA.28,4040,
UV,MWSB.5-DHB.9-T2CA.L2CA.28,4043,
UV,MWSB.5-DHB.9-T2CA.L2CA.29,4049,
UV,MWSB.5-DHB.9-T2CA.L2CA.29,4050,
UV,MWSB.5-DHB.9-T2CA.L2CA.30,4052,
UV,MWSB.5-DHB.9-T2CA.L2CA.30,4052A,
UV,MWSB.5-DHB.9-T2CA.L2CA.31,4053,
UV,MWSB.5-DHB.9-T2CA.L2CA.31,4058,
Outlets,MWSB.5-DHB.10-T1BA.L1BA.2,3060,
Outlets,MWSB.5-DHB.10-T1BA.L1BA.2,3056,
Outlets,MWSB.5-DHB.10-T1BA.L1BA.3,3056,
Outlets,MWSB.5-DHB.10-T1BA.L1BA.4,3058,
Outlets,MWSB.5-DHB.10-T1BA.L1BA.5,3065,
Outlets,MWSB.5-DHB.10-T1BA.L1BA.6,3064,
Hand dryer,MWSB.5-DHB.10-T1BA.L1BA.7,3017,
hand dryer,MWSB.5-DHB.10-T1BA.L1BA.8,3044,
hand dryer,MWSB.5-DHB.10-T1BA.L1BA.9,3045,
Outlets,MWSB.5-DHB.10-T1BA.L1BA.10,3037,
Outlets,MWSB.5-DHB.10-T1BA.L1BA.10,3130,
Outlets,MWSB.5-DHB.10-T1BA.L1BA.11,3042,
Outlets,MWSB.5-DHB.10-T1BA.L1BA.12,3042,
Outlets,MWSB.5-DHB.10-T1BA.L1BA.13,3037,
Outlets,MWSB.5-DHB.10-T1BA.L1BA.14,3040,
Outlets,MWSB.5-DHB.10-T1BA.L1BA.15,3040,
Outlets,MWSB.5-DHB.10-T1BA.L1BA.15,3039,
Outlets,MWSB.5-DHB.10-T1BA.L1BA.16,3038,
Outlets,MWSB.5-DHB.10-T1BA.L1BA.16,3037,
Library book security system,MWSB.5-DHB.10-T1BA.L1BA.17,3037,
Outlets,MWSB.5-DHB.10-T1BA.L1BA.18,3037,
Outlets,MWSB.5-DHB.10-T1BA.L1BA.18,3038,
Door opener Library,MWSB.5-DHB.10-T1BA.L1BA.18,3037,
Copy machine Library,MWSB.5-DHB.10-T1BA.L1BA.18,3037,
Outlets,MWSB.5-DHB.10-T1BA.L1BA.19,3037,
Outlets,MWSB.5-DHB.10-T1BA.L1BA.20,3037,
Outlets,MWSB.5-DHB.10-T1BA.L1BA.21,3037,
UV,MWSB.5-DHB.10-T1BA.L1BA.22,3014,
UV,MWSB.5-DHB.10-T1BA.L1BA.23,3013,
Outlets corr,MWSB.5-DHB.10-T1BA.L1BA.24,3047,
Copy Machine,MWSB.5-DHB.10-T1BA.L1BA.25,???,
C Building existing cargo ELEVATOR,MWSB.6-DE.4,,
ELEVATOR,MWSB.6-DE.7,,
New Lobby,MWSB.6-DE.7,,
Lights Library,MWSB.6-DE.1-LE3.2,3037,
Lights Library,MWSB.6-DE.1-LE3.3,3037,
Lights,MWSB.6-DE.1-LE3.4,4084,
Lights,MWSB.6-DE.1-LE3.4,4065,
Lights,MWSB.6-DE.1-LE3.4,4083A,
Lights corr,MWSB.6-DE.1-LE3.5,4017,
Lights corr,MWSB.6-DE.1-LE3.5,4019,
Lights corr,MWSB.6-DE.1-LE3.5,4030,
Lights corr,MWSB.6-DE.1-LE3.5,3031,
Lights corr,MWSB.6-DE.1-LE3.5,4045,
Lights corr,MWSB.6-DE.1-LE3.5,4054,
Lights corr,MWSB.6-DE.1-LE3.5,4059,
Exit Signs Entrance / Closing (E/C) 4th Floor,MWSB.6-DE.1-LE3.6,,
Lights Library,MWSB.6-DE.1-LE3.7,4057,
Lights corr,MWSB.6-DE.1-LE3.8,4067,
Lights corr,MWSB.6-DE.1-LE3.8,4069,
Lights corr,MWSB.6-DE.1-LE3A.1,4072A,
Lights,MWSB.6-DE.1-LE3A.2,4028,
Lights,MWSB.6-DE.1-LE3A.2,4029,
Lights corr,MWSB.6-DE.1-LE3A.3,4071,
Lights,MWSB.6-DE.1-LE3A.3,4009,
Lights,MWSB.6-DE.1-LE3A.4,4073,
Lights,MWSB.6-DE.1-LE3A.4,4010,
Lights,MWSB.6-DE.1-LE3A.4,4074A,
Exit Signs Door Closing (D/C) 4th Floor,MWSB.6-DE.1-LE3A.8,,
Exit Signs Door Entrance (D/E) 4th Floor,MWSB.6-DE.1-LE3A.10,,
Lights,MWSB.6-DE.2-LE2.1,259,
Lights,MWSB.6-DE.2-LE2.1,259-06,
Lights corr,MWSB.6-DE.2-LE2.2,3026,
Lights corr,MWSB.6-DE.2-LE2.2,3028,
Lights corr,MWSB.6-DE.2-LE2.2,3046,
Lights corr,MWSB.6-DE.2-LE2.2,3047,
Lights corr,MWSB.6-DE.2-LE2.2,3091,
Lights corr,MWSB.6-DE.2-LE2.2,3097,
Lights stairs C3,MWSB.6-DE.2-LE2.3,,
Lights stairs E1,MWSB.6-DE.2-LE2.4,,
Lights stairs E2,MWSB.6-DE.2-LE2.4,,
Exit Sign E/C,MWSB.6-DE.2-LE2.5,Third Floor,
Lights,MWSB.6-DE.2-LE2.6,3106,
Lights,MWSB.6-DE.2-LE2.6,3118,
Lights,MWSB.6-DE.2-LE2.6,3117A,
Lights Bathroom,MWSB.6-DE.2-LE2.7,3095,
Lights corr,MWSB.6-DE.2-LE2.8,3107,
Lights corr,MWSB.6-DE.2-LE2.8,3108,
,MWSB.6-DE.2-LE2.8,,
Lights corr,MWSB.6-DE.2-LE2.8,3129,
Lights corr,MWSB.6-DE.2-LE2A.2,3110,
Lights corr,MWSB.6-DE.2-LE2A.2,3109,
Lights corr,MWSB.6-DE.2-LE2A.2,3106,
Lights corr,MWSB.6-DE.2-LE2A.2,3016,
Lights,MWSB.6-DE.2-LE2A.3,3111,
Lights,MWSB.6-DE.2-LE2A.3,3017,
Lights,MWSB.6-DE.2-LE2A.4,3043,
Lights stairs D1,MWSB.6-DE.2-LE2A.5,,
Lights stairs D2,MWSB.6-DE.2-LE2A.5,,
Lights stairs C2,MWSB.6-DE.2-LE2A.6,,
Fire Alarm/TFA,MWSB.6-DE.2-LE2A.7,,
Intercom,MWSB.6-DE.2-LE2A.7,,
Exit signs D/C,MWSB.6-DE.2-LE2A.8,3rd Floor,
Fire Alarm/TFA,MWSB.6-DE.2-LE2A.9,,
Intercom,MWSB.6-DE.2-LE2A.9,,
Exit signs E/C,MWSB.6-DE.2-LE2A.10,3rd Floor,
Lights,MWSB.6-DE.3-LE1.1,1095,
Lights,MWSB.6-DE.3-LE1.1,1095A,
Lights,MWSB.6-DE.3-LE1.1,1094,
Lights,MWSB.6-DE.3-LE1.2,2020,
Lights,MWSB.6-DE.3-LE1.3,1088,
Lights,MWSB.6-DE.3-LE1.4,1088,
Exit Signs,MWSB.6-DE.3-LE1.5,,
Exit Signs,MWSB.6-DE.3-LE1.7,,
Lights,MWSB.6-DE.3-LE1A.1,1068,
Lights,MWSB.6-DE.3-LE1A.1,1069,
Lights,MWSB.6-DE.3-LE1A.1,1069A,
Lights,MWSB.6-DE.3-LE1A.1,1070,
Lights Ramp,MWSB.6-DE.3-LE1A.1,,
Lights mezz,MWSB.6-DE.3-LE1A.2,2018,
Lights Cafeteria,MWSB.6-DE.3-LE1A.3,1088,
Lights exterior egress,MWSB.6-DE.3-LE1A.4,,
Timeclock,MWSB.6-DE.3-LE1A.4,,
Lights,MWSB.6-DE.3-LE1A.5,1056,
Lights,MWSB.6-DE.3-LE1A.5,1066,
Lights,MWSB.6-DE.3-LE1A.5,1066A,
Lights,MWSB.6-DE.3-LE1A.5,1085,
Lights,MWSB.6-DE.3-LE1A.5,1086,
Lights,MWSB.6-DE.3-LE1A.5,1087,
Exit Signs,MWSB.6-DE.3-LE1A.7,,
cafeteria,MWSB.6-DE.3-LE1A.8,Sound amplifier,
cafeteria,MWSB.6-DE.3-LE1A.10,Sound amplifier,
cafeteria,MWSB.6-DE.3-LE1A.12,Sound amplifier,
Collins Center 3A-3B,MWSB.6-DE.5-TODE.ODE.1,Roof Hatches,
Collins Center 2A-2B,MWSB.6-DE.5-TODE.ODE.3,Roof Hatches,
Collins Center 5A-5B,MWSB.6-DE.5-TODE.ODE.4,Roof Hatches,
Collins Center 3A-3B,MWSB.6-DE.5-TODE.ODE.5,Roof Hatches,
Collins Center 4A-4B,MWSB.6-DE.5-TODE.ODE.6,Roof Hatches,
TV Office,MWSB.6-DE.5-TODE.ODE.8,142,
TV Office,MWSB.6-DE.5-TODE.ODE.10,145,
Access,MWSB.6-DE.5-TODE.ODE.12,C03-01 Coateolin (???),
Collins panel HSELA Emergency Lights (3P),MWSB.6-DE.5-TODE.ODE.13,,
Lobby evacuation fresh fan,MWSB.6-DE.5-TODE.ODE.14,,
Collins panel HSELA Emergency Lights (3P),MWSB.6-DE.5-TODE.ODE.15,,
Lobby evacuation fresh fan,MWSB.6-DE.5-TODE.ODE.16,,
Collins panel HSELA Emergency Lights (3P),MWSB.6-DE.5-TODE.ODE.17,,
Lobby evacuation fresh fan,MWSB.6-DE.5-TODE.ODE.18,,
Collins Center Roof Hatches 6A-6B,MWSB.6-DE.5-TODE.ODE.18,,
Comp (??),MWSB.6-DE.6-TKE.PKE.1,,
Comp (??),MWSB.6-DE.6-TKE.PKE.2,,
Comp (??),MWSB.6-DE.6-TKE.PKE.3,,
Comp (??),MWSB.6-DE.6-TKE.PKE.4,,
Comp (??),MWSB.6-DE.6-TKE.PKE.5,,
Comp (??),MWSB.6-DE.6-TKE.PKE.6,,
Comp (??),MWSB.6-DE.6-TKE.PKE.7,,
Lights,MWSB.6-DE.6-TKE.PKE.8,Freezer,
Comp (??),MWSB.6-DE.6-TKE.PKE.9,,
GFI (??),MWSB.6-DE.6-TKE.PKE.10,,
Comp (??),MWSB.6-DE.6-TKE.PKE.11,,
Refrigerator Deli Line,MWSB.6-DE.6-TKE.PKE.12,,
Comp (??),MWSB.6-DE.6-TKE.PKE.13,,
Refrigerator Deli Line,MWSB.6-DE.6-TKE.PKE.14,,
Lights boys' showers,MWSB.6-DE.8-PMEsec1.1,1027,
Exit Signs,MWSB.6-DE.8-PMEsec1.2,,
Lights,MWSB.6-DE.8-PMEsec1.3,stairs B-1,
Exit Signs,MWSB.6-DE.8-PMEsec1.3,,
Lights girls' showers,MWSB.6-DE.8-PMEsec1.4,1027,
Lights corr,MWSB.6-DE.8-PMEsec1.5,1006,
Lights,MWSB.6-DE.8-PMEsec1.6,stairs B-8,
Lights,MWSB.6-DE.8-PMEsec1.6,stairs B-10,
Lights,MWSB.6-DE.8-PMEsec1.6,stairs B-11,
Lights corr,MWSB.6-DE.8-PMEsec1.7,1040,
Lights corr,MWSB.6-DE.8-PMEsec1.8,1004,
Lights Lobby,MWSB.6-DE.8-PMEsec1.8,1051,
Lights,MWSB.6-DE.8-PMEsec1.9,1045,
Lights,MWSB.6-DE.8-PMEsec1.9,1046,
Lights stairs,MWSB.6-DE.8-PMEsec1.9,,
Exit Signs,MWSB.6-DE.8-PMEsec1.10,,
Boiler 1,MWSB.6-DE.8-PMEsec1.11,,
Boiler 2,MWSB.6-DE.8-PMEsec1.12,,
Boiler 1,MWSB.6-DE.8-PMEsec1.13,,
Boiler 2,MWSB.6-DE.8-PMEsec1.14,,
Boiler 1,MWSB.6-DE.8-PMEsec1.15,,
Boiler 2,MWSB.6-DE.8-PMEsec1.16,,
PE via TE,MWSB.6-DE.8-PMEsec1.17,,
Boiler 3,MWSB.6-DE.8-PMEsec1.18,,
PE via TE,MWSB.6-DE.8-PMEsec1.19,,
Boiler 3,MWSB.6-DE.8-PMEsec1.20,,
PE via TE,MWSB.6-DE.8-PMEsec1.21,,
Boiler 3,MWSB.6-DE.8-PMEsec1.22,,
Jockey Pump #1,MWSB.6-DE.8-PMEsec1.23,,
P-2,MWSB.6-DE.8-PMEsec1.24,,
Jockey Pump #1,MWSB.6-DE.8-PMEsec1.25,,
P-2,MWSB.6-DE.8-PMEsec1.26,,
Jockey Pump #1,MWSB.6-DE.8-PMEsec1.27,,
P-2,MWSB.6-DE.8-PMEsec1.28,,
P-1,MWSB.6-DE.8-PMEsec1.29,,
P-3,MWSB.6-DE.8-PMEsec1.30,,
P-1,MWSB.6-DE.8-PMEsec1.31,,
P-3,MWSB.6-DE.8-PMEsec1.32,,
P-1,MWSB.6-DE.8-PMEsec1.33,,
P-3,MWSB.6-DE.8-PMEsec1.34,,
Jockey Pump Control Circuit,MWSB.6-DE.8-PMEsec1.35,,
Jockey Pump #2,MWSB.6-DE.8-PMEsec1.37,,
Jockey Pump #2,MWSB.6-DE.8-PMEsec1.39,,
Jockey Pump #2,MWSB.6-DE.8-PMEsec1.41,,
Lights Lobby,MWSB.6-DE.8-PMEsec2.43,2016,
Lights,MWSB.6-DE.8-PMEsec2.44,2006,
Lights,MWSB.6-DE.8-PMEsec2.44,2008,
Lights,MWSB.6-DE.8-PMEsec2.44,2011,
Lights Lobby,MWSB.6-DE.8-PMEsec2.45,2016,
Level 2,MWSB.6-DE.8-PMEsec2.45,,
Lights corr,MWSB.6-DE.8-PMEsec2.46,2015,
Lights Lobby,MWSB.6-DE.8-PMEsec2.47,2016,
,MWSB.6-DE.8-PMEsec2.47,stairs B-1,
Alcoves,MWSB.6-DE.8-PMEsec2.47,2014,
Lights corr,MWSB.6-DE.8-PMEsec2.48,2004,
Lights corr,MWSB.6-DE.8-PMEsec2.48,2005,
Lights Elev Lobby,MWSB.6-DE.8-PMEsec2.49,4001,
AHU-13,MWSB.6-DE.8-PMEsec2.50,,
Lights mechanical Penthouses,MWSB.6-DE.8-PMEsec2.51,,
AHU-13,MWSB.6-DE.8-PMEsec2.52,,
AHU-13,MWSB.6-DE.8-PMEsec2.54,,
Fuel Oil Pump P-4 & P-5,MWSB.6-DE.8-PMEsec2.55,,
Water Heater (H2O),MWSB.6-DE.8-PMEsec2.56,,
Fuel Oil Pump P-4 & P-5,MWSB.6-DE.8-PMEsec2.57,,
Water Heater (H2O),MWSB.6-DE.8-PMEsec2.58,,
Fuel Oil Pump P-4,MWSB.6-DE.8-PMEsec2.59,,
Fuel Oil Pump P-5,MWSB.6-DE.8-PMEsec2.59,,
Water Heater (H2O),MWSB.6-DE.8-PMEsec2.60,,
Jockey Pump #3,MWSB.6-DE.8-PMEsec2.61,,
F-21,MWSB.6-DE.8-PMEsec2.62,,
Jockey Pump #3,MWSB.6-DE.8-PMEsec2.63,,
F-21,MWSB.6-DE.8-PMEsec2.64,,
Jockey Pump #3,MWSB.6-DE.8-PMEsec2.65,,
F-21,MWSB.6-DE.8-PMEsec2.66,,
ATC Air Compressor-1,MWSB.6-DE.8-PMEsec2.67,,
ATC Air Compressor-2,MWSB.6-DE.8-PMEsec2.68,,
ATC Air Compressor-1,MWSB.6-DE.8-PMEsec2.69,,
ATC Air Compressor-2,MWSB.6-DE.8-PMEsec2.70,,
ATC Air Compressor-1,MWSB.6-DE.8-PMEsec2.71,,
ATC Air Compressor-2,MWSB.6-DE.8-PMEsec2.72,,
ACCU-1,MWSB.7-DG.4,,
Site Light / Time clock,MWSB.7-DG.6,,
Site Light / Time clock,MWSB.7-DG.7,,
Site Light / Time clock,MWSB.7-DG.8,,
Lights,MWSB.7-DG.1-P4Gsec1.3,3003,
Lights,MWSB.7-DG.1-P4Gsec1.3,3004,
Lights,MWSB.7-DG.1-P4Gsec1.4,3003,
F-9,MWSB.7-DG.1-P4Gsec1.13,,
F-9,MWSB.7-DG.1-P4Gsec1.15,,
F-9,MWSB.7-DG.1-P4Gsec1.17,,
RTU-2,MWSB.7-DG.1-P4Gsec1.20,,
RTU-2,MWSB.7-DG.1-P4Gsec1.22,,
RTU-2,MWSB.7-DG.1-P4Gsec1.24,,
RTU-1,MWSB.7-DG.1-P4Gsec1.25,,
RTU-3,MWSB.7-DG.1-P4Gsec1.26,,
RTU-1,MWSB.7-DG.1-P4Gsec1.27,,
RTU-3,MWSB.7-DG.1-P4Gsec1.28,,
RTU-1,MWSB.7-DG.1-P4Gsec1.29,,
RTU-3,MWSB.7-DG.1-P4Gsec1.30,,
AHU-2,MWSB.7-DG.1-P4Gsec1.32,,
AHU-2,MWSB.7-DG.1-P4Gsec1.34,,
AHU-2,MWSB.7-DG.1-P4Gsec1.36,,
F-8,MWSB.7-DG.1-P4Gsec2.40,,
P-8,MWSB.7-DG.1-P4Gsec2.41,,
F-8,MWSB.7-DG.1-P4Gsec2.42,,
P-8,MWSB.7-DG.1-P4Gsec2.43,,
F-8,MWSB.7-DG.1-P4Gsec2.44,,
P-8,MWSB.7-DG.1-P4Gsec2.45,,
P-9,MWSB.7-DG.1-P4Gsec2.47,,
P-9,MWSB.7-DG.1-P4Gsec2.49,,
P-9,MWSB.7-DG.1-P4Gsec2.51,,
AHU-11,MWSB.7-DG.1-P4Gsec2.53,,
AHU-11,MWSB.7-DG.1-P4Gsec2.55,,
AHU-11,MWSB.7-DG.1-P4Gsec2.57,,
RTU-4,MWSB.7-DG.1-P4Gsec2.64,,
AHU-12,MWSB.7-DG.1-P4Gsec2.65,,
RTU-4,MWSB.7-DG.1-P4Gsec2.66,,
AHU-12,MWSB.7-DG.1-P4Gsec2.67,,
RTU-4,MWSB.7-DG.1-P4Gsec2.68,,
AHU-12,MWSB.7-DG.1-P4Gsec2.69,,
Lights mechanical Room,MWSB.7-DG.2-L4GC.2,,
Lights,MWSB.7-DG.2-L4GC.2,Store,
Lights,MWSB.7-DG.2-L4GC.2,Women's Team Room,
Lights,MWSB.7-DG.2-L4GC.3,1015,
Lights,MWSB.7-DG.2-L4GC.3,1016,
Lights,MWSB.7-DG.2-L4GC.3,1017,
Lights,MWSB.7-DG.2-L4GC.4,1043,
Lights,MWSB.7-DG.2-L4GC.4,boys' Team Room,
Lights girls' locker room,MWSB.7-DG.2-L4GC.5,,
Lights Equipment Storage,MWSB.7-DG.2-L4GC.5,,
Lights,MWSB.7-DG.2-L4GC.7,1033,
Lights,MWSB.7-DG.2-L4GC.7,1034,
Team Room,MWSB.7-DG.2-L4GC.7,,
Lights boys' locker room,MWSB.7-DG.2-L4GC.8,,
Rm,MWSB.7-DG.2-L4GC.8,1032,
Lights corr,MWSB.7-DG.2-L4GC.11,1040,
Lights corr,MWSB.7-DG.2-L4GC.13,1004,
Lights Arts Lobby,MWSB.7-DG.2-L4GC.13,1051,
Lights Bath,MWSB.7-DG.2-L4GC.14,1028,
Lights Bath,MWSB.7-DG.2-L4GC.14,1029,
Lights Bath,MWSB.7-DG.2-L4GC.14,1030,
Lights Bath,MWSB.7-DG.2-L4GC.14,1030A,
Lights Bath,MWSB.7-DG.2-L4GC.14,1030B,
Lights,MWSB.7-DG.2-L4GC.15,1052,
Lights,MWSB.7-DG.2-L4GC.15,1044,
Lights,MWSB.7-DG.2-L4GC.15,1047A,
Lights,MWSB.7-DG.2-L4GC.15,1051A,
Lights,MWSB.7-DG.2-L4GC.15,1051B,
Lights classrm,MWSB.7-DG.2-L4GC.17,1054,
Lights Ceramic,MWSB.7-DG.2-L4GC.19,1047,
Lights Art,MWSB.7-DG.2-L4GC.20,1048,
Lights Art,MWSB.7-DG.2-L4GC.21,1049,
Elevator mechanical Room,MWSB.7-DG.2-L4GC.21,,
Safari,MWSB.7-DG.2-L4GC.23,,
Safari,MWSB.7-DG.2-L4GC.24,,
bypass Relays,MWSB.7-DG.2-L4GC.27,,
Far Safari lights,MWSB.7-DG.2-L4GC.28,,
bypass Relays,MWSB.7-DG.2-L4GC.29,,
Near Safari lights,MWSB.7-DG.2-L4GC.30,,
bypass Relays,MWSB.7-DG.2-L4GC.31,,
LGC via TGC TGC>LGC,MWSB.7-DG.2-L4GC.37B,,
LGC via TGC TGC>LGC,MWSB.7-DG.2-L4GC.37C,,
Outlets Gym South wall,MWSB.7-DG.2-L4GC.37A-TGC.LGCsec1.1,,
Folding curtain gym,MWSB.7-DG.2-L4GC.37A-TGC.LGCsec1.2,,
Outlets mechanical room,MWSB.7-DG.2-L4GC.37A-TGC.LGCsec1.3,1011,
Outlets mechanical room,MWSB.7-DG.2-L4GC.37A-TGC.LGCsec1.3,1016,
Backboard gym (South),MWSB.7-DG.2-L4GC.37A-TGC.LGCsec1.4,,
Backboard gym (North),MWSB.7-DG.2-L4GC.37A-TGC.LGCsec1.5,,
Outlet Stage,MWSB.7-DG.2-L4GC.37A-TGC.LGCsec1.6,,
Outlet equip,MWSB.7-DG.2-L4GC.37A-TGC.LGCsec1.6,1017,
Outlets corr,MWSB.7-DG.2-L4GC.37A-TGC.LGCsec1.7,1011,
Outlets storage,MWSB.7-DG.2-L4GC.37A-TGC.LGCsec1.8,,
Outlets corr,MWSB.7-DG.2-L4GC.37A-TGC.LGCsec1.8,1008,
South parking pole outlets,MWSB.7-DG.2-L4GC.37A-TGC.LGCsec1.8,,
Backboard gym (North),MWSB.7-DG.2-L4GC.37A-TGC.LGCsec1.10,,
Outlet CUH gym west entry,MWSB.7-DG.2-L4GC.37A-TGC.LGCsec1.12,,
Outlet field house floor,MWSB.7-DG.2-L4GC.37A-TGC.LGCsec1.12,,
Folding curtain gym,MWSB.7-DG.2-L4GC.37A-TGC.LGCsec1.14,,
Outlets boys' locker,MWSB.7-DG.2-L4GC.37A-TGC.LGCsec1.15,1032,
Folding curtain gym #3,MWSB.7-DG.2-L4GC.37A-TGC.LGCsec1.16,,
Outlets equip,MWSB.7-DG.2-L4GC.37A-TGC.LGCsec1.17,1006,
Outlets corr,MWSB.7-DG.2-L4GC.37A-TGC.LGCsec1.18,1004,
Outlets CUH's chair - 10,MWSB.7-DG.2-L4GC.37A-TGC.LGCsec1.19,??,
Outlets CUH's chair - 11,MWSB.7-DG.2-L4GC.37A-TGC.LGCsec1.19,??,
Scoreboard gym (South),MWSB.7-DG.2-L4GC.37A-TGC.LGCsec1.20,,
Backboard gym (South),MWSB.7-DG.2-L4GC.37A-TGC.LGCsec1.21,,
Folding curtain gym,MWSB.7-DG.2-L4GC.37A-TGC.LGCsec1.22,,
Outlets gym (West),MWSB.7-DG.2-L4GC.37A-TGC.LGCsec1.23,,
Outlets Janitor's closet,MWSB.7-DG.2-L4GC.37A-TGC.LGCsec1.23,,
Backboard gym (South),MWSB.7-DG.2-L4GC.37A-TGC.LGCsec1.24,,
Outlets gym (North),MWSB.7-DG.2-L4GC.37A-TGC.LGCsec1.25,,
EWC,MWSB.7-DG.2-L4GC.37A-TGC.LGCsec1.25,100,
CUH vest,MWSB.7-DG.2-L4GC.37A-TGC.LGCsec1.26,1002,1002 (??)
Vending Machine,MWSB.7-DG.2-L4GC.37A-TGC.LGCsec1.26,,
Paddle fans gym,MWSB.7-DG.2-L4GC.37A-TGC.LGCsec1.27,,
Paddle fans gym,MWSB.7-DG.2-L4GC.37A-TGC.LGCsec1.28,,
Paddle fans gym,MWSB.7-DG.2-L4GC.37A-TGC.LGCsec1.29,,
Folding curtain gym,MWSB.7-DG.2-L4GC.37A-TGC.LGCsec1.30,,
Backboard gym (North),MWSB.7-DG.2-L4GC.37A-TGC.LGCsec1.31,,
Scoreboard gym (North),MWSB.7-DG.2-L4GC.37A-TGC.LGCsec1.32,,
Batting cage,MWSB.7-DG.2-L4GC.37A-TGC.LGCsec1.32,,
Backboard gym (North),MWSB.7-DG.2-L4GC.37A-TGC.LGCsec1.33,,
Backboard gym (South),MWSB.7-DG.2-L4GC.37A-TGC.LGCsec1.33,,
Folding curtain gym #4,MWSB.7-DG.2-L4GC.37A-TGC.LGCsec1.34,,
Backboard gym (South),MWSB.7-DG.2-L4GC.37A-TGC.LGCsec1.35,,
Folding curtain gym,MWSB.7-DG.2-L4GC.37A-TGC.LGCsec1.36,,
Outlets Office Tech,MWSB.7-DG.2-L4GC.37A-TGC.LGCsec2.37,1053,
Walker duct (Center),MWSB.7-DG.2-L4GC.37A-TGC.LGCsec2.37,,
Outlets Office Tech,MWSB.7-DG.2-L4GC.37A-TGC.LGCsec2.38,1053,
Walker duct (North),MWSB.7-DG.2-L4GC.37A-TGC.LGCsec2.38,,
Outlets,MWSB.7-DG.2-L4GC.37A-TGC.LGCsec2.39,1054,
Outlets,MWSB.7-DG.2-L4GC.37A-TGC.LGCsec2.40,1054,
Outlets,MWSB.7-DG.2-L4GC.37A-TGC.LGCsec2.41,1054,
Outlets ceramic,MWSB.7-DG.2-L4GC.37A-TGC.LGCsec2.42,1047,
Outlets storage,MWSB.7-DG.2-L4GC.37A-TGC.LGCsec2.42,1044,
Outlets art,MWSB.7-DG.2-L4GC.37A-TGC.LGCsec2.43,1048,
Outlets Office Tech,MWSB.7-DG.2-L4GC.37A-TGC.LGCsec2.45,1053,
North & West,MWSB.7-DG.2-L4GC.37A-TGC.LGCsec2.45,,
Outlets Office Tech,MWSB.7-DG.2-L4GC.37A-TGC.LGCsec2.46,1053,
Walker duct (South),MWSB.7-DG.2-L4GC.37A-TGC.LGCsec2.46,,
Outlets art,MWSB.7-DG.2-L4GC.37A-TGC.LGCsec2.47,1049,
Outlets art,MWSB.7-DG.2-L4GC.37A-TGC.LGCsec2.48,1049,
Outlets lobby,MWSB.7-DG.2-L4GC.37A-TGC.LGCsec2.49,1051,
Elev mechanical Room,MWSB.7-DG.2-L4GC.37A-TGC.LGCsec2.49,,
Outlets Office Tech,MWSB.7-DG.2-L4GC.37A-TGC.LGCsec2.50,1053,
East & South,MWSB.7-DG.2-L4GC.37A-TGC.LGCsec2.50,,
Outlets ceramic,MWSB.7-DG.2-L4GC.37A-TGC.LGCsec2.51,1047,
Outlets ceramic,MWSB.7-DG.2-L4GC.37A-TGC.LGCsec2.52,1047,
Outlets key,MWSB.7-DG.2-L4GC.37A-TGC.LGCsec2.53,1052,
Outlets art,MWSB.7-DG.2-L4GC.37A-TGC.LGCsec2.54,1048,
Outlets art,MWSB.7-DG.2-L4GC.37A-TGC.LGCsec2.55,1048,
Outlets key,MWSB.7-DG.2-L4GC.37A-TGC.LGCsec2.56,1052,
Outlets floor art,MWSB.7-DG.2-L4GC.37A-TGC.LGCsec2.57,1048,
Outlets floor art,MWSB.7-DG.2-L4GC.37A-TGC.LGCsec2.58,1048,
Outlets floor art,MWSB.7-DG.2-L4GC.37A-TGC.LGCsec2.59,1048,
Lights ceramic,MWSB.7-DG.2-L4GC.37A-TGC.LGCsec2.60,1047,
Lights ceramic,MWSB.7-DG.2-L4GC.37A-TGC.LGCsec2.61,1047,
Lights ceramic,MWSB.7-DG.2-L4GC.37A-TGC.LGCsec2.62,1047,
Lights art,MWSB.7-DG.2-L4GC.37A-TGC.LGCsec2.63,1048,
Lights art,MWSB.7-DG.2-L4GC.37A-TGC.LGCsec2.64,1048,
Outlets key,MWSB.7-DG.2-L4GC.37A-TGC.LGCsec2.65,1052,
Lights art,MWSB.7-DG.2-L4GC.37A-TGC.LGCsec2.66,1048,
Lights art,MWSB.7-DG.2-L4GC.37A-TGC.LGCsec2.67,1049,
Lights art,MWSB.7-DG.2-L4GC.37A-TGC.LGCsec2.68,1049,
Lights art,MWSB.7-DG.2-L4GC.37A-TGC.LGCsec2.69,1049,
Outlets key,MWSB.7-DG.2-L4GC.37A-TGC.LGCsec2.70,1052,
Lights art,MWSB.7-DG.2-L4GC.37A-TGC.LGCsec2.71,1049,
Refrigerator training,MWSB.7-DG.2-L4GC.37A-TGC.LGCsec2.72,1020,
Ice maker Training,MWSB.7-DG.2-L4GC.37A-TGC.LGCsec2.73,1020,
Refrigerator training,MWSB.7-DG.2-L4GC.37A-TGC.LGCsec2.74,1020,
Ice maker Training,MWSB.7-DG.2-L4GC.37A-TGC.LGCsec2.75,1020,
Outlet for whirpool training,MWSB.7-DG.2-L4GC.37A-TGC.LGCsec2.76,1020,
Hand Dryer,MWSB.7-DG.2-L4GC.37A-TGC.LGCsec2.77,1024,
Hand Dryer,MWSB.7-DG.2-L4GC.37A-TGC.LGCsec2.78,1026,
Outlets,MWSB.7-DG.2-L4GC.37A-TGC.LGCsec3.79,1030A,
Outlets,MWSB.7-DG.2-L4GC.37A-TGC.LGCsec3.79,1030B,
Outlets,MWSB.7-DG.2-L4GC.37A-TGC.LGCsec3.80,1030A,
Outlets,MWSB.7-DG.2-L4GC.37A-TGC.LGCsec3.80,1030B,
Hand Dryer Men's,MWSB.7-DG.2-L4GC.37A-TGC.LGCsec3.81,1051,
Outlets key,MWSB.7-DG.2-L4GC.37A-TGC.LGCsec3.82,1052,
Hand Dryer Women's,MWSB.7-DG.2-L4GC.37A-TGC.LGCsec3.83,1051A,
Hand Dryer bath,MWSB.7-DG.2-L4GC.37A-TGC.LGCsec3.84,1034A,
Hand Dryer bath,MWSB.7-DG.2-L4GC.37A-TGC.LGCsec3.85,1051A,
Water cooler corr,MWSB.7-DG.2-L4GC.37A-TGC.LGCsec3.86,1004,
Outlets office,MWSB.7-DG.2-L4GC.37A-TGC.LGCsec3.87,1021,
Outlets Kiln,MWSB.7-DG.2-L4GC.37A-TGC.LGCsec3.88,,
outlets M&W rest,MWSB.7-DG.2-L4GC.37A-TGC.LGCsec3.88,,
Outlets corr,MWSB.7-DG.2-L4GC.37A-TGC.LGCsec3.89,1040,
Outlets team,MWSB.7-DG.2-L4GC.37A-TGC.LGCsec3.89,1039,
Outlets store,MWSB.7-DG.2-L4GC.37A-TGC.LGCsec3.90,1034,
Outlets office,MWSB.7-DG.2-L4GC.37A-TGC.LGCsec3.92,1033,
Outlets office,MWSB.7-DG.2-L4GC.37A-TGC.LGCsec3.93,1022,
Outlets team,MWSB.7-DG.2-L4GC.37A-TGC.LGCsec3.94,1041,
Outlets team,MWSB.7-DG.2-L4GC.37A-TGC.LGCsec3.94,1042,
Outlets team,MWSB.7-DG.2-L4GC.37A-TGC.LGCsec3.94,1015a,
Outlets Janitors closet,MWSB.7-DG.2-L4GC.37A-TGC.LGCsec3.95,1031A,
Security Panel,MWSB.7-DG.2-L4GC.37A-TGC.LGCsec3.95,,
Outlets team,MWSB.7-DG.2-L4GC.37A-TGC.LGCsec3.96,1037,
Outlets office,MWSB.7-DG.2-L4GC.37A-TGC.LGCsec3.96,1035,
Outlets boys shower,MWSB.7-DG.2-L4GC.37A-TGC.LGCsec3.97,1027,
Outlets girls' shower,MWSB.7-DG.2-L4GC.37A-TGC.LGCsec3.98,1025,
Outlets girls' toilet,MWSB.7-DG.2-L4GC.37A-TGC.LGCsec3.99,1024,
Fan F-11,MWSB.7-DG.2-L4GC.37A-TGC.LGCsec3.100,,
Fan F-12,MWSB.7-DG.2-L4GC.37A-TGC.LGCsec3.100,,
Fan F-13,MWSB.7-DG.2-L4GC.37A-TGC.LGCsec3.100,,
Fan F-19,MWSB.7-DG.2-L4GC.37A-TGC.LGCsec3.100,,
Fan F-25,MWSB.7-DG.2-L4GC.37A-TGC.LGCsec3.101,,
Fan F-14,MWSB.7-DG.2-L4GC.37A-TGC.LGCsec3.104,,
Water Cooler corr,MWSB.7-DG.2-L4GC.37A-TGC.LGCsec3.105,1004,
Kiln,MWSB.7-DG.2-L4GC.37A-TGC.LGCsec3.109,,
Kiln,MWSB.7-DG.2-L4GC.37A-TGC.LGCsec3.111,,
Kiln,MWSB.7-DG.2-L4GC.37A-TGC.LGCsec3.113,,
Kiln,MWSB.7-DG.2-L4GC.37A-TGC.LGCsec3.115,,
Kiln,MWSB.7-DG.2-L4GC.37A-TGC.LGCsec3.117,,
Kiln,MWSB.7-DG.2-L4GC.37A-TGC.LGCsec3.119,,
Lights Exterior gym,MWSB.7-DG.3-L4G1sec1.1,1001,
F-17,MWSB.7-DG.3-L4G1sec1.2,,
Lights Exterior gym,MWSB.7-DG.3-L4G1sec1.3,1001,
F-17,MWSB.7-DG.3-L4G1sec1.4,,
Lights exterior (East),MWSB.7-DG.3-L4G1sec1.5,,
Lights Soffit,MWSB.7-DG.3-L4G1sec1.5,,
F-17,MWSB.7-DG.3-L4G1sec1.6,,
Lights exterior,MWSB.7-DG.3-L4G1sec1.7,Lobby,
Lights tower floods,MWSB.7-DG.3-L4G1sec1.7,,
Lights Exterior delivery entrance (West),MWSB.7-DG.3-L4G1sec1.9,,
Lights,MWSB.7-DG.3-L4G1sec1.10,2002A,
Lights,MWSB.7-DG.3-L4G1sec1.11,2002,
Lights,MWSB.7-DG.3-L4G1sec1.11,2005A,
Lights,MWSB.7-DG.3-L4G1sec1.12,2002,
Lights,MWSB.7-DG.3-L4G1sec1.12,2005A,
Lights elevator lobby,MWSB.7-DG.3-L4G1sec1.13,,
Lights stairs B1,MWSB.7-DG.3-L4G1sec1.13,,
Lights,MWSB.7-DG.3-L4G1sec1.16,1002,
Lights,MWSB.7-DG.3-L4G1sec1.16,2009,
Lights,MWSB.7-DG.3-L4G1sec1.16,2015,
Field House corr,MWSB.7-DG.3-L4G1sec1.16,,
Lights,MWSB.7-DG.3-L4G1sec1.17,3002,
Lights lobby,MWSB.7-DG.3-L4G1sec1.17,3002,
Lights tower sconces,MWSB.7-DG.3-L4G1sec1.17,,
Lights lobby,MWSB.7-DG.3-L4G1sec1.18,2016,
Lights high bay,MWSB.7-DG.3-L4G1sec1.18,,
LG1 Via TGD,MWSB.7-DG.3-L4G1sec1.22,,
LG1 Via TGD,MWSB.7-DG.3-L4G1sec1.24,,
Lights lobby,MWSB.7-DG.3-L4G1sec2.20,2016,
Lights lobby,MWSB.7-DG.3-L4G1sec2.22,2016,
Lights vest,MWSB.7-DG.3-L4G1sec2.23,2016,
Lights,MWSB.7-DG.3-L4G1sec2.24,2006,
Lights,MWSB.7-DG.3-L4G1sec2.24,2007,
Lights,MWSB.7-DG.3-L4G1sec2.24,2013,
Lights corr,MWSB.7-DG.3-L4G1sec2.24,2010,
Lights gym dimmer control (reference),MWSB.7-DG.3-L4G1sec2.25,1001,
Lights gym,MWSB.7-DG.3-L4G1sec2.26,2001,
Lights gym,MWSB.7-DG.3-L4G1sec2.27,2001,
Lights gym,MWSB.7-DG.3-L4G1sec2.28,2001,
Lights gym,MWSB.7-DG.3-L4G1sec2.29,2001,
Lights gym,MWSB.7-DG.3-L4G1sec2.30,2001,
Lights gym,MWSB.7-DG.3-L4G1sec2.31,2001,
Lights gym,MWSB.7-DG.3-L4G1sec2.32,2001,
Lights gym,MWSB.7-DG.3-L4G1sec2.33,2001,
Lights lobby,MWSB.7-DG.3-L4G1sec2.34,2016,
3rd Floor,MWSB.7-DG.3-L4G1sec2.34,,
Lights,MWSB.7-DG.3-L4G1sec2.34,stairs B1,
Fan F-17A,MWSB.7-DG.3-L4G1sec2.35,,
At jb above ceiling,MWSB.7-DG.3-L4G1sec2.36,2011,
Fan F-17A,MWSB.7-DG.3-L4G1sec2.37,,
Lights gym Zone 2 panel 2,MWSB.7-DG.3-L4G1sec2.38,1001,
Fan F-17A,MWSB.7-DG.3-L4G1sec2.39,,
Lights gym Zone 1 panel 1,MWSB.7-DG.3-L4G1sec2.40,1001,
Lights gym Zone 2 panel 1,MWSB.7-DG.3-L4G1sec2.42,1001,
Lights gym Zone 4 panel 3,MWSB.7-DG.3-L4G1sec2.44,1001,
Lights gym Zone 3 panel 2,MWSB.7-DG.3-L4G1sec2.46,1001,
Lights gym Zone 3 panel 2,MWSB.7-DG.3-L4G1sec2.48,1001,
Lights gym Zone 1 panel 1,MWSB.7-DG.3-L4G1sec2.49,1001,
Lights gym Zone 4 panel 3,MWSB.7-DG.3-L4G1sec2.50,1001,
Lights gym Zone 1 panel 1,MWSB.7-DG.3-L4G1sec2.51,1001,
Lights gym Zone 4 panel 3 (East court 7/8),MWSB.7-DG.3-L4G1sec2.52,1001,
Lights gym Zone 2 panel 1,MWSB.7-DG.3-L4G1sec2.53,1001,
Lights gym Zone 3 panel 2,MWSB.7-DG.3-L4G1sec2.54,1001,
Outlets gym,MWSB.7-DG.3-L4G1sec1.20-TGD.LG1sec1.1,2001,
Outlets gym,MWSB.7-DG.3-L4G1sec1.20-TGD.LG1sec1.1,2014B,
Lobby message sign,MWSB.7-DG.3-L4G1sec1.20-TGD.LG1sec1.1,,
Outlets,MWSB.7-DG.3-L4G1sec1.20-TGD.LG1sec1.2,3001,
Outlets Stair B8,MWSB.7-DG.3-L4G1sec1.20-TGD.LG1sec1.2,,
Outlets,MWSB.7-DG.3-L4G1sec1.20-TGD.LG1sec1.3,3003,
Outlets,MWSB.7-DG.3-L4G1sec1.20-TGD.LG1sec1.4,3003,
Outlets,MWSB.7-DG.3-L4G1sec1.20-TGD.LG1sec1.5,3003,
Outlets Stair B9,MWSB.7-DG.3-L4G1sec1.20-TGD.LG1sec1.5,,
ATC Panel,MWSB.7-DG.3-L4G1sec1.20-TGD.LG1sec1.5,3001,
Outlets,MWSB.7-DG.3-L4G1sec1.20-TGD.LG1sec1.6,2001,
Outlets,MWSB.7-DG.3-L4G1sec1.20-TGD.LG1sec1.6,2004,
Outlets,MWSB.7-DG.3-L4G1sec1.20-TGD.LG1sec1.6,2005,
Outlets,MWSB.7-DG.3-L4G1sec1.20-TGD.LG1sec1.7,2005A,
Outlets EWCs,MWSB.7-DG.3-L4G1sec1.20-TGD.LG1sec1.7,,
Outlets,MWSB.7-DG.3-L4G1sec1.20-TGD.LG1sec1.8,2002,
Outlets,MWSB.7-DG.3-L4G1sec1.20-TGD.LG1sec1.8,2002B,
Outlets EWCs,MWSB.7-DG.3-L4G1sec1.20-TGD.LG1sec1.8,,
Outlets,MWSB.7-DG.3-L4G1sec1.20-TGD.LG1sec1.9,2002,
Outlets,MWSB.7-DG.3-L4G1sec1.20-TGD.LG1sec1.10,2010,
Outlets,MWSB.7-DG.3-L4G1sec1.20-TGD.LG1sec1.11,2001,
Outlets corr,MWSB.7-DG.3-L4G1sec1.20-TGD.LG1sec1.12,2010,
Outlets Stairs,MWSB.7-DG.3-L4G1sec1.20-TGD.LG1sec1.12,,
Outlets Observation,MWSB.7-DG.3-L4G1sec1.20-TGD.LG1sec1.12,,
Outlets,MWSB.7-DG.3-L4G1sec1.20-TGD.LG1sec1.13,2007,
Outlets,MWSB.7-DG.3-L4G1sec1.20-TGD.LG1sec1.13,2008,
Hand Dryer Bathroom,MWSB.7-DG.3-L4G1sec1.20-TGD.LG1sec1.14,2008,
Outlets,MWSB.7-DG.3-L4G1sec1.20-TGD.LG1sec1.15,2006,
,MWSB.7-DG.3-L4G1sec1.20-TGD.LG1sec1.15,L4 Concession,
Outlets,MWSB.7-DG.3-L4G1sec1.20-TGD.LG1sec1.16,2006,
,MWSB.7-DG.3-L4G1sec1.20-TGD.LG1sec1.16,L4 Concession,
Outlets gym,MWSB.7-DG.3-L4G1sec1.20-TGD.LG1sec1.17,2001,
Outlets bath,MWSB.7-DG.3-L4G1sec1.20-TGD.LG1sec1.18,2011,
Outlets corr,MWSB.7-DG.3-L4G1sec1.20-TGD.LG1sec1.18,2010A,
Hand Dryer Bathroom,MWSB.7-DG.3-L4G1sec1.20-TGD.LG1sec1.19,2011,
Outlets lobby,MWSB.7-DG.3-L4G1sec1.20-TGD.LG1sec1.20,2016,
Outlets lobby,MWSB.7-DG.3-L4G1sec1.20-TGD.LG1sec1.20,2013,
Outlets,MWSB.7-DG.3-L4G1sec1.20-TGD.LG1sec1.20,stairs B-1,
Lights Trophy display,MWSB.7-DG.3-L4G1sec1.20-TGD.LG1sec1.20,,
Outlets gym,MWSB.7-DG.3-L4G1sec1.20-TGD.LG1sec1.21,2001,
Outlets gym,MWSB.7-DG.3-L4G1sec1.20-TGD.LG1sec1.21,2014B,
Lobby message sign,MWSB.7-DG.3-L4G1sec1.20-TGD.LG1sec1.21,,
Outlets,MWSB.7-DG.3-L4G1sec1.20-TGD.LG1sec1.22,2006,
,MWSB.7-DG.3-L4G1sec1.20-TGD.LG1sec1.22,L4 Concession,
Outlets,MWSB.7-DG.3-L4G1sec1.20-TGD.LG1sec1.23,2006,
,MWSB.7-DG.3-L4G1sec1.20-TGD.LG1sec1.23,L4 Concession,
Outlets gym,MWSB.7-DG.3-L4G1sec1.20-TGD.LG1sec1.24,2001,
Outlets gym,MWSB.7-DG.3-L4G1sec1.20-TGD.LG1sec1.24,2006,
,MWSB.7-DG.3-L4G1sec1.20-TGD.LG1sec1.24,L4 Concession,
UH-2,MWSB.7-DG.3-L4G1sec1.20-TGD.LG1sec1.25,2002B,2002B (??)
L2 Aircond ACC2,MWSB.7-DG.3-L4G1sec1.20-TGD.LG1sec1.26,2013,
Door Access,MWSB.7-DG.3-L4G1sec1.20-TGD.LG1sec1.26,,
Uni Vents (UV),MWSB.7-DG.3-L4G1sec1.20-TGD.LG1sec1.27,3003,
Outlets Treadmill,MWSB.7-DG.3-L4G1sec1.20-TGD.LG1sec1.28,2005A,
CUH 1-3 vest,MWSB.7-DG.3-L4G1sec1.20-TGD.LG1sec1.29,2017,
Outlets Lobby,MWSB.7-DG.3-L4G1sec1.20-TGD.LG1sec1.29,2016,2016 (??)
From LG1sec2 (??),MWSB.7-DG.3-L4G1sec1.20-TGD.LG1sec1.30,,
Outlets,MWSB.7-DG.3-L4G1sec1.20-TGD.LG1sec1.31,3002,
Bridge,MWSB.7-DG.3-L4G1sec1.20-TGD.LG1sec1.31,,
Lights gym,MWSB.7-DG.3-L4G1sec1.20-TGD.LG1sec1.32,1001,
Contactor,MWSB.7-DG.3-L4G1sec1.20-TGD.LG1sec1.32,,
Outlets,MWSB.7-DG.3-L4G1sec1.20-TGD.LG1sec1.33,3002,
Bridge,MWSB.7-DG.3-L4G1sec1.20-TGD.LG1sec1.33,,
Fan F-16,MWSB.7-DG.3-L4G1sec1.20-TGD.LG1sec1.34,,
UHS,MWSB.7-DG.3-L4G1sec1.20-TGD.LG1sec1.34,,
Outlets Mechanical penthouse,MWSB.7-DG.3-L4G1sec1.20-TGD.LG1sec1.34,,
Lobby evacuation fresh fan,MWSB.7-DG.3-L4G1sec1.20-TGD.LG1sec1.35,roof,
Collins Center 6A-6B,MWSB.7-DG.3-L4G1sec1.20-TGD.LG1sec1.35,Roof Hatches,
Lobby evacuation fresh fan,MWSB.7-DG.3-L4G1sec1.20-TGD.LG1sec1.36,,
Collins Center 6A-6B,MWSB.7-DG.3-L4G1sec1.20-TGD.LG1sec1.36,Roof Hatches,
Handicap door gym (East),MWSB.7-DG.3-L4G1sec1.20-TGD.LG1sec1.39,1001,
Handicap door gym (West),MWSB.7-DG.3-L4G1sec1.20-TGD.LG1sec1.41,1001,
Fan F-15,MWSB.7-DG.3-L4G1sec1.20-TGD.LG1sec2.43,,
Fan F-16,MWSB.7-DG.3-L4G1sec1.20-TGD.LG1sec2.45,,
Fan F-18,MWSB.7-DG.3-L4G1sec1.20-TGD.LG1sec2.46,,
ACC 1,MWSB.7-DG.3-L4G1sec1.20-TGD.LG1sec2.50,2006,
Treadmill gym,MWSB.7-DG.3-L4G1sec1.20-TGD.LG1sec2.54,,
Fan F-15,MWSB.7-DG.3-L4G1sec1.20-TGD.LG1sec2.55,,
Treadmill gym,MWSB.7-DG.3-L4G1sec1.20-TGD.LG1sec2.56,,
Fan F-16,MWSB.7-DG.3-L4G1sec1.20-TGD.LG1sec2.57,,
Treadmill gym,MWSB.7-DG.3-L4G1sec1.20-TGD.LG1sec2.58,,
Scoreboards Dunn gym,MWSB.7-DG.3-L4G1sec1.20-TGD.LG1sec2.59,,
Fan F-18,MWSB.7-DG.3-L4G1sec1.20-TGD.LG1sec2.60,,
Folding partition Dunn Gym,MWSB.7-DG.3-L4G1sec1.20-TGD.LG1sec2.61,,
ACC 1,MWSB.7-DG.3-L4G1sec1.20-TGD.LG1sec2.62,2006,
Folding partition Dunn Gym,MWSB.7-DG.3-L4G1sec1.20-TGD.LG1sec2.63,,
RM L2,MWSB.7-DG.3-L4G1sec1.20-TGD.LG1sec2.64,,
Folding partition Dunn Gym,MWSB.7-DG.3-L4G1sec1.20-TGD.LG1sec2.65,,
Blackboard,MWSB.7-DG.3-L4G1sec1.20-TGD.LG1sec2.66,,
Rec.Asst Dir (??),MWSB.7-DG.3-L4G1sec1.20-TGD.LG1sec2.67,,
Blackboard,MWSB.7-DG.3-L4G1sec1.20-TGD.LG1sec2.68,,
Bleachers #1,MWSB.7-DG.3-L4G1sec1.20-TGD.LG1sec2.69,,
Bleachers #2,MWSB.7-DG.3-L4G1sec1.20-TGD.LG1sec2.69,,
Bleachers #3,MWSB.7-DG.3-L4G1sec1.20-TGD.LG1sec2.70,,
Bleachers #4,MWSB.7-DG.3-L4G1sec1.20-TGD.LG1sec2.70,,
Bleachers #1,MWSB.7-DG.3-L4G1sec1.20-TGD.LG1sec2.71,,
Bleachers #2,MWSB.7-DG.3-L4G1sec1.20-TGD.LG1sec2.71,,
Bleachers #3,MWSB.7-DG.3-L4G1sec1.20-TGD.LG1sec2.72,,
Bleachers #4,MWSB.7-DG.3-L4G1sec1.20-TGD.LG1sec2.72,,
Bleachers #1,MWSB.7-DG.3-L4G1sec1.20-TGD.LG1sec2.73,,
Bleachers #2,MWSB.7-DG.3-L4G1sec1.20-TGD.LG1sec2.73,,
Bleachers #3,MWSB.7-DG.3-L4G1sec1.20-TGD.LG1sec2.74,,
Bleachers #4,MWSB.7-DG.3-L4G1sec1.20-TGD.LG1sec2.74,,
AHU-14,MWSB.7-DG.3-L4G1sec1.20-TGD.LG1sec2.75,,
Asst Dir Office,MWSB.7-DG.3-L4G1sec1.20-TGD.LG1sec2.75,,
Outlets,MWSB.7-DG.3-L4G1sec1.20-TGD.LG1sec2.76,,
Working area,MWSB.7-DG.3-L4G1sec1.20-TGD.LG1sec2.76,,
Asst Dir Office,MWSB.7-DG.3-L4G1sec1.20-TGD.LG1sec2.76,,
Outlets Field house (Ceiling),MWSB.7-DG.3-L4G1sec1.20-TGD.LG1sec2.77,,
Receptacle,MWSB.7-DG.3-L4G1sec1.20-TGD.LG1sec2.77,,
Voting booths (South),MWSB.7-DG.3-L4G1sec1.20-TGD.LG1sec2.79,,
Field House,MWSB.7-DG.3-L4G1sec1.20-TGD.LG1sec2.79,,
Voting booths (North),MWSB.7-DG.3-L4G1sec1.20-TGD.LG1sec2.80,,
Field House,MWSB.7-DG.3-L4G1sec1.20-TGD.LG1sec2.80,,
Voting booths (South),MWSB.7-DG.3-L4G1sec1.20-TGD.LG1sec2.81,,
Field House,MWSB.7-DG.3-L4G1sec1.20-TGD.LG1sec2.81,,
Voting booths (North),MWSB.7-DG.3-L4G1sec1.20-TGD.LG1sec2.82,,
Field House,MWSB.7-DG.3-L4G1sec1.20-TGD.LG1sec2.82,,
Voting booths (South),MWSB.7-DG.3-L4G1sec1.20-TGD.LG1sec2.83,,
Field House,MWSB.7-DG.3-L4G1sec1.20-TGD.LG1sec2.83,,
Voting booths (North),MWSB.7-DG.3-L4G1sec1.20-TGD.LG1sec2.84,,
Field House,MWSB.7-DG.3-L4G1sec1.20-TGD.LG1sec2.84,,
Outlets roof top RTU 1,MWSB.7-DG.3-L4G1sec1.20-TGD.LG1sec2.85,roof,
Outlets near RTU 2,MWSB.7-DG.3-L4G1sec1.20-TGD.LG1sec2.85,roof,
Backboard #1,MWSB.7-DG.3-L4G1sec1.20-TGD.LG1sec2.86,,
AHU-14,MWSB.7-DG.3-L4G1sec1.20-TGD.LG1sec2.87,,
Asst Dir Office,MWSB.7-DG.3-L4G1sec1.20-TGD.LG1sec2.87,,
Backboard #2,MWSB.7-DG.3-L4G1sec1.20-TGD.LG1sec2.88,,
AHU-14,MWSB.7-DG.3-L4G1sec1.20-TGD.LG1sec2.89,,
Asst Dir Office,MWSB.7-DG.3-L4G1sec1.20-TGD.LG1sec2.89,,
Backboard #3,MWSB.7-DG.3-L4G1sec1.20-TGD.LG1sec2.90,,
Backboard #4,MWSB.7-DG.3-L4G1sec1.20-TGD.LG1sec2.91,,
Generator,MWSB.7-DG.3-L4G1sec1.20-TGD.LG1sec2.92,,
Backboard #5,MWSB.7-DG.3-L4G1sec1.20-TGD.LG1sec2.93,,
Alarm Relays,MWSB.7-DG.3-L4G1sec1.20-TGD.LG1sec2.94,,
Backboard #6,MWSB.7-DG.3-L4G1sec1.20-TGD.LG1sec2.95,,
Alarm Relays,MWSB.7-DG.3-L4G1sec1.20-TGD.LG1sec2.96,,
ACCU-2,MWSB.8-DL.2,roof,
Canteen Washer Booster Heater,MWSB.8-DL.1-PK.1,,
Oven,MWSB.8-DL.1-PK.2,,
2-Power Wash Sink,MWSB.8-DL.1-PK.2,,
Oven & Blower (North Hood),MWSB.8-DL.1-PK.3,,
Oven & Blower (North Hood),MWSB.8-DL.1-PK.4,,
Kettles,MWSB.8-DL.1-PK.5,,
Steamer under south hood,MWSB.8-DL.1-PK.6,,
Steamer under south hood,MWSB.8-DL.1-PK.7,,
TET AIR Oven (??),MWSB.8-DL.1-PK.8,,
Dishwasher and Hot Water BoosterA,MWSB.8-DL.1-PK.13,,
Lights Kitchen,MWSB.8-DL.1-PK.15,,
Janitor Closet,MWSB.8-DL.1-PK.15,,
Even (??) Machine Room,MWSB.8-DL.1-PK.15,,
Receptacle,MWSB.8-DL.1-PK.12-TK.PKA.1,,
Receptacle Work Table,MWSB.8-DL.1-PK.12-TK.PKA.2,,
Receptacle Slicer,MWSB.8-DL.1-PK.12-TK.PKA.3,,
Receptacle Proofer,MWSB.8-DL.1-PK.12-TK.PKA.4,,
Lights New Kitchen Director Office (??),MWSB.8-DL.1-PK.12-TK.PKA.7,,
60 Quart Mixer (South),MWSB.8-DL.1-PK.12-TK.PKA.8,,
Receptacle Assistant Director Office (??),MWSB.8-DL.1-PK.12-TK.PKA.9,,
Receptacle Assistant Director Office,MWSB.8-DL.1-PK.12-TK.PKA.10,,
Receptacle Director Office,MWSB.8-DL.1-PK.12-TK.PKA.11,,
Receptacle Assistant Director Office,MWSB.8-DL.1-PK.12-TK.PKA.12,,
Receptacle,MWSB.8-DL.1-PK.12-TK.PKA.13,Microwave / Steamer,
Receptacle,MWSB.8-DL.1-PK.12-TK.PKA.14,Microwave / Steamer,
(Oven) (??,MWSB.8-DL.1-PK.12-TK.PKA.19,,
Receptacle,MWSB.8-DL.1-PK.12-TK.PKA.21,Ice Machine,
Fax Machine Dir.Office,MWSB.8-DL.1-PK.12-TK.PKA.22,,
Outlets (Center),MWSB.8-DL.1-PK.12-TK.PKA.23,Kitchen,
Copy Machine Dir.Office,MWSB.8-DL.1-PK.12-TK.PKA.24,,
Receptacle,MWSB.8-DL.1-PK.12-TK.PKA.26,Kitchen Conference Room,
Receptacle Kitchen,MWSB.8-DL.1-PK.12-TK.PKA.27,130-05,
Receptacle,MWSB.8-DL.1-PK.12-TK.PKA.28,Assist.Dir Office,
Receptacle,MWSB.8-DL.1-PK.12-TK.PKA.30,Dir Office,
Lights,MWSB.8-DL.3-L42D.2,4062,
Lights,MWSB.8-DL.3-L42D.3,4063,
Lights,MWSB.8-DL.3-L42D.4,4064,
Lights,MWSB.8-DL.3-L42D.5,4066,
Lights,MWSB.8-DL.3-L42D.5,4066A,
Lights,MWSB.8-DL.3-L42D.6,4083,
Lights,MWSB.8-DL.3-L42D.7,4082,
Lights,MWSB.8-DL.3-L42D.8,4079,
Lights,MWSB.8-DL.3-L42D.8,4080,
Lights,MWSB.8-DL.3-L42D.8,4081A,
Lights,MWSB.8-DL.3-L42D.8,4091,
Lights,MWSB.8-DL.3-L42D.8,4091A,
Lights,MWSB.8-DL.3-L42D.9,4089,
Lights,MWSB.8-DL.3-L42D.10,4088,
Lights,MWSB.8-DL.3-L42D.11,4087,
Lights,MWSB.8-DL.3-L42D.12,4086,
Lights,MWSB.8-DL.3-L42D.13,4085,
Lights corr,MWSB.8-DL.3-L42D.14,4067,
Lights corr,MWSB.8-DL.3-L42D.14,4069,
Lights corr,MWSB.8-DL.3-L42D.14,4070,4070 (Switched)
Lights (night) corr,MWSB.8-DL.3-L42D.15,4067,
Lights (night) corr,MWSB.8-DL.3-L42D.15,4069,
Lights (night) corr,MWSB.8-DL.3-L42D.15,4070,
Switched,MWSB.8-DL.3-L42D.15,,
L2D via T2D,MWSB.8-DL.3-L42D.31,,
L2D via T2D,MWSB.8-DL.3-L42D.33,,
? Science Wing,MWSB.8-DL.3-L42D.29-T2D.L2D.1,,
Water Cooler Outlets,MWSB.8-DL.3-L42D.29-T2D.L2D.2,,
corr,MWSB.8-DL.3-L42D.29-T2D.L2D.2,4072A,
Stairs E2,MWSB.8-DL.3-L42D.29-T2D.L2D.2,,
Hand Dryer,MWSB.8-DL.3-L42D.29-T2D.L2D.3,4084,
Outlets,MWSB.8-DL.3-L42D.29-T2D.L2D.4,4083,
Outlets,MWSB.8-DL.3-L42D.29-T2D.L2D.5,4083,
Outlets,MWSB.8-DL.3-L42D.29-T2D.L2D.6,4083,
Outlets,MWSB.8-DL.3-L42D.29-T2D.L2D.7,4082,
Outlets,MWSB.8-DL.3-L42D.29-T2D.L2D.8,4082,
Outlets,MWSB.8-DL.3-L42D.29-T2D.L2D.9,4082,
Outlets,MWSB.8-DL.3-L42D.29-T2D.L2D.10,4081,
Outlets,MWSB.8-DL.3-L42D.29-T2D.L2D.10,4081A,
Outlets,MWSB.8-DL.3-L42D.29-T2D.L2D.11,4079,
Outlets,MWSB.8-DL.3-L42D.29-T2D.L2D.12,4080,
Outlets,MWSB.8-DL.3-L42D.29-T2D.L2D.12,4091,
Fan F-43,MWSB.8-DL.3-L42D.29-T2D.L2D.13,Roof,
Outlets,MWSB.8-DL.3-L42D.29-T2D.L2D.14,4066,
Outlets,MWSB.8-DL.3-L42D.29-T2D.L2D.15,4018,
Outlets,MWSB.8-DL.3-L42D.29-T2D.L2D.15,4019,
Outlets,MWSB.8-DL.3-L42D.29-T2D.L2D.16,4066A,
Outlets,MWSB.8-DL.3-L42D.29-T2D.L2D.17,4069,
Hand Dryer,MWSB.8-DL.3-L42D.29-T2D.L2D.18,4065,
Distiller Controls,MWSB.8-DL.3-L42D.29-T2D.L2D.19,4087,
Distiller Controls,MWSB.8-DL.3-L42D.29-T2D.L2D.21,4087,
Distiller Controls,MWSB.8-DL.3-L42D.29-T2D.L2D.23,4087,
Lights,MWSB.8-DL.4-L4G.1,1068,
Lights,MWSB.8-DL.4-L4G.1,1069A,
Ramp,MWSB.8-DL.4-L4G.1,,
bypass Relay,MWSB.8-DL.4-L4G.2,,
Mezzanine Lights,MWSB.8-DL.4-L4G.2,,
Lights,MWSB.8-DL.4-L4G.3,1058,
Lights,MWSB.8-DL.4-L4G.3,1059,
Lights,MWSB.8-DL.4-L4G.3,1060,
Lights,MWSB.8-DL.4-L4G.3,1061,
Lights,MWSB.8-DL.4-L4G.4,1062,
Lights,MWSB.8-DL.4-L4G.4,1063,
Lights,MWSB.8-DL.4-L4G.4,1064,
Lights,MWSB.8-DL.4-L4G.4,1067,
Lights,MWSB.8-DL.4-L4G.4,1071A,
Lights,MWSB.8-DL.4-L4G.4,1072,
Lights,MWSB.8-DL.4-L4G.4,1073,
Lights cafeteria,MWSB.8-DL.4-L4G.5,1088,
Lights,MWSB.8-DL.4-L4G.5,1057,
Lights cafeteria,MWSB.8-DL.4-L4G.6,1088,
Lights cafeteria,MWSB.8-DL.4-L4G.7,1088,
Lights cafeteria,MWSB.8-DL.4-L4G.8,1088,
Lights cafeteria,MWSB.8-DL.4-L4G.9,1088,
Timeclock bypass Relqay,MWSB.8-DL.4-L4G.10,,
Exterior Egress Lights,MWSB.8-DL.4-L4G.10,,
Lights,MWSB.8-DL.4-L4G.11,1056,
Lights,MWSB.8-DL.4-L4G.11,1065,
Lights,MWSB.8-DL.4-L4G.11,1066,
Lights,MWSB.8-DL.4-L4G.11,1068,
Lights,MWSB.8-DL.4-L4G.11,1087,
Bypass Relay,MWSB.8-DL.4-L4G.12,,
Hall Lights,MWSB.8-DL.4-L4G.12,,
Lights Crawlspace,MWSB.8-DL.4-L4G.13,,
Lights Crawlspace,MWSB.8-DL.4-L4G.14,,
Lights Crawlspace,MWSB.8-DL.4-L4G.16,,
Bypass Relay,MWSB.8-DL.4-L4G.18,,
Lights,MWSB.8-DL.4-L4G.18,cafeteria,
Fan F-40,MWSB.8-DL.4-L4G.22,roof,
Fan F-40,MWSB.8-DL.4-L4G.24,Roof,
Fan F-40,MWSB.8-DL.4-L4G.26,Roof,
Fan F-49,MWSB.8-DL.4-L4G.28,Roof,
Fan F-49,MWSB.8-DL.4-L4G.30,Roof,
Fan F-49,MWSB.8-DL.4-L4G.32,Roof,
LG via TG,MWSB.8-DL.4-L4G.36,,
LG via TG,MWSB.8-DL.4-L4G.38,,
Fan F-53,MWSB.8-DL.4-L4G.34-TG.LGsec1.2,Roof,
Fan F-59,MWSB.8-DL.4-L4G.34-TG.LGsec1.2,Roof,
Fan F-60,MWSB.8-DL.4-L4G.34-TG.LGsec1.2,Roof,
Destratification fans,MWSB.8-DL.4-L4G.34-TG.LGsec1.8,1088,
cafeteria,MWSB.8-DL.4-L4G.34-TG.LGsec1.8,,
Outlets,MWSB.8-DL.4-L4G.34-TG.LGsec1.12,1060,
Outlets,MWSB.8-DL.4-L4G.34-TG.LGsec1.13,1060,
Outlets,MWSB.8-DL.4-L4G.34-TG.LGsec1.14,1060,
CUH's cafeteria,MWSB.8-DL.4-L4G.34-TG.LGsec1.14,,
Water Coolers,MWSB.8-DL.4-L4G.34-TG.LGsec1.15,,
cafeteria,MWSB.8-DL.4-L4G.34-TG.LGsec1.15,,
Outlets,MWSB.8-DL.4-L4G.34-TG.LGsec1.16,1088,
CUH's cafeteria,MWSB.8-DL.4-L4G.34-TG.LGsec1.16,,
Outlets,MWSB.8-DL.4-L4G.34-TG.LGsec1.17,1060,
Unit Ventilators (UV),MWSB.8-DL.4-L4G.34-TG.LGsec1.20,1088,
Hand Dryer,MWSB.8-DL.4-L4G.34-TG.LGsec1.21,1086,
Outlets,MWSB.8-DL.4-L4G.34-TG.LGsec1.21,1086,
Outlets,MWSB.8-DL.4-L4G.34-TG.LGsec1.22,1084,
Outlets,MWSB.8-DL.4-L4G.34-TG.LGsec1.23,1057,
Outlets,MWSB.8-DL.4-L4G.34-TG.LGsec1.23,1087,
Outlets,MWSB.8-DL.4-L4G.34-TG.LGsec1.23,1066,
Outlets,MWSB.8-DL.4-L4G.34-TG.LGsec1.24,1057,
Outlets,MWSB.8-DL.4-L4G.34-TG.LGsec1.25,1057,
Outlets,MWSB.8-DL.4-L4G.34-TG.LGsec1.26,1088,
Outlets,MWSB.8-DL.4-L4G.34-TG.LGsec1.27,1088,
Outlets,MWSB.8-DL.4-L4G.34-TG.LGsec1.28,1088,
Outlets Mezzanine,MWSB.8-DL.4-L4G.34-TG.LGsec1.29,2018,
Outlets,MWSB.8-DL.4-L4G.34-TG.LGsec2.31,1064,
Outlets,MWSB.8-DL.4-L4G.34-TG.LGsec2.32,1064A,
Outlets,MWSB.8-DL.4-L4G.34-TG.LGsec2.32,1059,
Outlets,MWSB.8-DL.4-L4G.34-TG.LGsec2.32,1067,
Outlets,MWSB.8-DL.4-L4G.34-TG.LGsec2.32,1069,
Outlets,MWSB.8-DL.4-L4G.34-TG.LGsec2.32,1070,
Outlets,MWSB.8-DL.4-L4G.34-TG.LGsec2.33,1062,
Outlets,MWSB.8-DL.4-L4G.34-TG.LGsec2.34,1063,
Outlets,MWSB.8-DL.4-L4G.34-TG.LGsec2.35,1064,
Outlets,MWSB.8-DL.4-L4G.34-TG.LGsec2.36,1071A,
Outlets,MWSB.8-DL.4-L4G.34-TG.LGsec2.37,1072,
Outlets,MWSB.8-DL.4-L4G.34-TG.LGsec2.37,1073,
Outlets,MWSB.8-DL.4-L4G.34-TG.LGsec2.38,1076,
Outlets,MWSB.8-DL.4-L4G.34-TG.LGsec2.38,1078,
Outlets darkroom,MWSB.8-DL.4-L4G.34-TG.LGsec2.39,1059,
Outlets darkroom,MWSB.8-DL.4-L4G.34-TG.LGsec2.40,1059,
Outlets darkroom,MWSB.8-DL.4-L4G.34-TG.LGsec2.41,1059,
Outlets darkroom,MWSB.8-DL.4-L4G.34-TG.LGsec2.42,1059,
Outlets darkroom,MWSB.8-DL.4-L4G.34-TG.LGsec2.43,1059,
Outlets darkroom,MWSB.8-DL.4-L4G.34-TG.LGsec2.44,1059,
Outlets darkroom,MWSB.8-DL.4-L4G.34-TG.LGsec2.45,1059,
Outlets darkroom,MWSB.8-DL.4-L4G.34-TG.LGsec2.46,1059,
Outlets darkroom,MWSB.8-DL.4-L4G.34-TG.LGsec2.47,1059,
Outlets darkroom,MWSB.8-DL.4-L4G.34-TG.LGsec2.48,1059,
Outlets darkroom,MWSB.8-DL.4-L4G.34-TG.LGsec2.49,1059,
Outlets darkroom,MWSB.8-DL.4-L4G.34-TG.LGsec2.50,1059,
Outlets corr,MWSB.8-DL.4-L4G.34-TG.LGsec2.51,1056,
Outlets corr,MWSB.8-DL.4-L4G.34-TG.LGsec2.51,105,
Safelights,MWSB.8-DL.4-L4G.34-TG.LGsec2.51,1059,
Outlets,MWSB.8-DL.4-L4G.34-TG.LGsec2.52,1061,
Outlets,MWSB.8-DL.4-L4G.34-TG.LGsec2.53,1061,
Trash Compactor,MWSB.8-DL.4-L4G.34-TG.LGsec2.54,,
Kitchen,MWSB.8-DL.4-L4G.34-TG.LGsec2.54,,
Outlets,MWSB.8-DL.4-L4G.34-TG.LGsec2.55,1061,
Fan F-63,MWSB.8-DL.4-L4G.34-TG.LGsec2.56,,
Storage Area,MWSB.8-DL.4-L4G.34-TG.LGsec2.56,,
Outlets,MWSB.8-DL.4-L4G.34-TG.LGsec2.57,1061,
Fan F-56,MWSB.8-DL.4-L4G.34-TG.LGsec2.58,,
Electric room,MWSB.8-DL.4-L4G.34-TG.LGsec2.58,,
Outlets,MWSB.8-DL.4-L4G.34-TG.LGsec2.59,1061,
Fan F-10,MWSB.8-DL.4-L4G.34-TG.LGsec2.60,Crawlspace,
Fan F-66,MWSB.8-DL.4-L4G.34-TG.LGsec2.60,Crawlspace,
Bryant A/C Unit,MWSB.8-DL.4-L4G.34-TG.LGsec2.62,Conference Room,
,MWSB.8-DL.4-L4G.34-TG.LGsec2.62,130-03,
Bryant A/C Unit,MWSB.8-DL.4-L4G.34-TG.LGsec2.64,Middle Office,
,MWSB.8-DL.4-L4G.34-TG.LGsec2.64,130-03,
Bryant A/C Unit,MWSB.8-DL.4-L4G.34-TG.LGsec2.66,North Office,
,MWSB.8-DL.4-L4G.34-TG.LGsec2.66,130-03,
Storage condensation Pump,MWSB.8-DL.4-L4G.34-TG.LGsec2.68,,
,MWSB.8-DL.4-L4G.34-TG.LGsec2.68,125,
C4 RM4031,MWSB.8-DL.5-L42B,,
368,MWSB.8-DL.5-L42B,,
DL#5 > L42B,MWSB.8-DL.5-L42B,,
Lights,MWSB.8-DL.5-L42B.3,4031A,
Lights,MWSB.8-DL.5-L42B.3,4034,
Lights,MWSB.8-DL.5-L42B.3,4037,
Lights,MWSB.8-DL.5-L42B.3,4037A,
Lights,MWSB.8-DL.5-L42B.3,4038,
Lights,MWSB.8-DL.5-L42B.4,4039,
Lights,MWSB.8-DL.5-L42B.5,4036,
Lights,MWSB.8-DL.5-L42B.6,4035,
Lights,MWSB.8-DL.5-L42B.7,4032,
Lights,MWSB.8-DL.5-L42B.8,4002,
Lights,MWSB.8-DL.5-L42B.9,4003,
Lights,MWSB.8-DL.5-L42B.10,4033,
Lights,MWSB.8-DL.5-L42B.11,4004,
Lights,MWSB.8-DL.5-L42B.12,4022,
Lights,MWSB.8-DL.5-L42B.12,4023,
Lights,MWSB.8-DL.5-L42B.12,4025,
Lights,MWSB.8-DL.5-L42B.12,4026,
Lights,MWSB.8-DL.5-L42B.12,4027,
Fan F-6,MWSB.8-DL.5-L42B.14,,
AHU-8,MWSB.8-DL.5-L42B.15,,
Fan F-6,MWSB.8-DL.5-L42B.16,,
AHU-8,MWSB.8-DL.5-L42B.17,,
Fan F-6,MWSB.8-DL.5-L42B.18,,
L2B via T2B,MWSB.8-DL.5-L42B.33-T2B,,
DL#5 > L42B > T2B > L2B,MWSB.8-DL.5-L42B.33-T2B,,
L2B via T2B,MWSB.8-DL.5-L42B.35,,
DL#5 > L42B > T2B > L2B,MWSB.8-DL.5-L42B.35,,
L2B via T2B,MWSB.8-DL.5-L42B.37,,
DL#5 > L42B > T2B > L2B,MWSB.8-DL.5-L42B.37,,
Exhaust Fan,MWSB.8-DL.5-L42B.33-T2B.L2B.1,368,
Outlet,MWSB.8-DL.5-L42B.33-T2B.L2B.2,4004,
Outlet,MWSB.8-DL.5-L42B.33-T2B.L2B.3,4004,
Outlet,MWSB.8-DL.5-L42B.33-T2B.L2B.4,4004,
Outlet,MWSB.8-DL.5-L42B.33-T2B.L2B.5,4003,
Outlet,MWSB.8-DL.5-L42B.33-T2B.L2B.6,4003,
Outlet,MWSB.8-DL.5-L42B.33-T2B.L2B.7,4003,
Outlet,MWSB.8-DL.5-L42B.33-T2B.L2B.8,4002,
Outlet,MWSB.8-DL.5-L42B.33-T2B.L2B.9,4002,
Outlet,MWSB.8-DL.5-L42B.33-T2B.L2B.10,4002,
Outlets,MWSB.8-DL.5-L42B.33-T2B.L2B.11,4017,
Outlets,MWSB.8-DL.5-L42B.33-T2B.L2B.11,4018,
CWC,MWSB.8-DL.5-L42B.33-T2B.L2B.11,4017,
corridor,MWSB.8-DL.5-L42B.33-T2B.L2B.11,,
Outlets,MWSB.8-DL.5-L42B.33-T2B.L2B.12,4032,
Outlets,MWSB.8-DL.5-L42B.33-T2B.L2B.13,4032,
Outlets,MWSB.8-DL.5-L42B.33-T2B.L2B.14,4032,
Outlets,MWSB.8-DL.5-L42B.33-T2B.L2B.15,4033,
Outlets,MWSB.8-DL.5-L42B.33-T2B.L2B.16,4033,
Outlets,MWSB.8-DL.5-L42B.33-T2B.L2B.17,4033,
Outlets,MWSB.8-DL.5-L42B.33-T2B.L2B.18,4031A,
Outlets,MWSB.8-DL.5-L42B.33-T2B.L2B.19,4034,
Outlets,MWSB.8-DL.5-L42B.33-T2B.L2B.20,4035,
Outlets,MWSB.8-DL.5-L42B.33-T2B.L2B.21,4035,
Outlets,MWSB.8-DL.5-L42B.33-T2B.L2B.22,4035,
Outlets,MWSB.8-DL.5-L42B.33-T2B.L2B.23,4036,
Outlets,MWSB.8-DL.5-L42B.33-T2B.L2B.24,4036,
Outlets,MWSB.8-DL.5-L42B.33-T2B.L2B.25,4036,
Outlets,MWSB.8-DL.5-L42B.33-T2B.L2B.26,4037,
Outlets,MWSB.8-DL.5-L42B.33-T2B.L2B.26,4038,
Copy Machine,MWSB.8-DL.5-L42B.33-T2B.L2B.26,362-01,
Outlets,MWSB.8-DL.5-L42B.33-T2B.L2B.27,4037,
Outlets,MWSB.8-DL.5-L42B.33-T2B.L2B.27,4037A,
Copy Machine,MWSB.8-DL.5-L42B.33-T2B.L2B.27,362-01,
Outlets,MWSB.8-DL.5-L42B.33-T2B.L2B.28,4039,
Outlets,MWSB.8-DL.5-L42B.33-T2B.L2B.29,4039,
Outlets,MWSB.8-DL.5-L42B.33-T2B.L2B.30,4039,
Hand Dryer,MWSB.8-DL.5-L42B.33-T2B.L2B.31,4038,
Outlets,MWSB.8-DL.5-L42B.33-T2B.L2B.32,4031,
Roof Fan F-47,MWSB.8-DL.5-L42B.33-T2B.L2B.33,,
Fan F-47,MWSB.8-DL.5-L42B.33-T2B.L2B.34,Roof,
Fan F-47A,MWSB.8-DL.5-L42B.33-T2B.L2B.35,Roof,
Lights,MWSB.8-DL.7-L41D.2,3119,
Lights,MWSB.8-DL.7-L41D.2,3121,
Lights,MWSB.8-DL.7-L41D.3,3120,
Lights,MWSB.8-DL.7-L41D.5,3122,
Lights,MWSB.8-DL.7-L41D.6,3123,
Lights,MWSB.8-DL.7-L41D.7,3115,
Lights,MWSB.8-DL.7-L41D.8,3116,
Lights,MWSB.8-DL.7-L41D.9,3117,
Lights,MWSB.8-DL.7-L41D.10,3104,
Lights,MWSB.8-DL.7-L41D.10,3105,
Lights,MWSB.8-DL.7-L41D.10,3105A,
Lights,MWSB.8-DL.7-L41D.11,3101,
Lights,MWSB.8-DL.7-L41D.11,3101A,
Lights,MWSB.8-DL.7-L41D.11,3101B,
Lights,MWSB.8-DL.7-L41D.12,3100,
Lights,MWSB.8-DL.7-L41D.13,3099,
Lights corr,MWSB.8-DL.7-L41D.14,3107,
Lights corr,MWSB.8-DL.7-L41D.14,3108,
Lights corr,MWSB.8-DL.7-L41D.14,3129,
Nightlights Corr,MWSB.8-DL.7-L41D.15,3108,
Nightlights Corr,MWSB.8-DL.7-L41D.15,3129,
Courtyard exterior,MWSB.8-DL.7-L41D.18,,
Timeclock,MWSB.8-DL.7-L41D.18,,
Fan F-41,MWSB.8-DL.7-L41D.19,Roof,
Fan F-41,MWSB.8-DL.7-L41D.21,Roof,
Fan F-41,MWSB.8-DL.7-L41D.23,Roof,
L1D via T1D,MWSB.8-DL.7-L41D.27,,
L1D via T1D,MWSB.8-DL.7-L41D.29,,
Outlets,MWSB.8-DL.7-L41D.25-T1D.L1D.2,3098,
Outlets,MWSB.8-DL.7-L41D.25-T1D.L1D.3,3098,
Outlets,MWSB.8-DL.7-L41D.25-T1D.L1D.4,3098,
Outlets,MWSB.8-DL.7-L41D.25-T1D.L1D.5,3099,
Outlets,MWSB.8-DL.7-L41D.25-T1D.L1D.6,3099,
Outlets,MWSB.8-DL.7-L41D.25-T1D.L1D.7,3099,
Outlets,MWSB.8-DL.7-L41D.25-T1D.L1D.8,3100,
,MWSB.8-DL.7-L41D.25-T1D.L1D.8,243,
Outlets,MWSB.8-DL.7-L41D.25-T1D.L1D.9,3100,
,MWSB.8-DL.7-L41D.25-T1D.L1D.9,243,
Outlets,MWSB.8-DL.7-L41D.25-T1D.L1D.10,3100,
,MWSB.8-DL.7-L41D.25-T1D.L1D.10,243,
Outlets,MWSB.8-DL.7-L41D.25-T1D.L1D.11,3101,
Outlets,MWSB.8-DL.7-L41D.25-T1D.L1D.11,3101B,
Outlets,MWSB.8-DL.7-L41D.25-T1D.L1D.12,3101A,
Outlets,MWSB.8-DL.7-L41D.25-T1D.L1D.13,3101A,
Outlets,MWSB.8-DL.7-L41D.25-T1D.L1D.13,3101B,
Hand Dryer RM3106,MWSB.8-DL.7-L41D.25-T1D.L1D.14,,
,MWSB.8-DL.7-L41D.25-T1D.L1D.14,240,
Outlets,MWSB.8-DL.7-L41D.25-T1D.L1D.15,3105A,
Outlets,MWSB.8-DL.7-L41D.25-T1D.L1D.16,3105A,
Outlets,MWSB.8-DL.7-L41D.25-T1D.L1D.17,3105A,
Outlets,MWSB.8-DL.7-L41D.25-T1D.L1D.18,3104,
Outlets,MWSB.8-DL.7-L41D.25-T1D.L1D.19,3103,
Outlets corr,MWSB.8-DL.7-L41D.25-T1D.L1D.20,3129,
Outlets corr,MWSB.8-DL.7-L41D.25-T1D.L1D.20,3108,
Water Cooler corr,MWSB.8-DL.7-L41D.25-T1D.L1D.20,3028,
Outlets,MWSB.8-DL.7-L41D.25-T1D.L1D.21,3030,
Outlets,MWSB.8-DL.7-L41D.25-T1D.L1D.21,3103,
Outlets,MWSB.8-DL.7-L41D.25-T1D.L1D.22,3030,
Outlets,MWSB.8-DL.7-L41D.25-T1D.L1D.23,3030,
Outlets,MWSB.8-DL.7-L41D.25-T1D.L1D.24,3029,
Outlets,MWSB.8-DL.7-L41D.25-T1D.L1D.25,3029,
Outlets,MWSB.8-DL.7-L41D.25-T1D.L1D.26,3029,
Outlets corr,MWSB.8-DL.7-L41D.25-T1D.L1D.27,3028,
Bathroom,MWSB.8-DL.7-L41D.25-T1D.L1D.27,3106,
Storage,MWSB.8-DL.7-L41D.25-T1D.L1D.27,272-01,
Acid neutralization system,MWSB.8-DL.7-L41D.25-T1D.L1D.28,,
Lights,MWSB.8-DL.7-L41D.25-T1D.L1D.30,3027,
Vestibule,MWSB.8-DL.7-L41D.25-T1D.L1D.30,,
Lights,MWSB.8-DL.7-L41D.25-T1D.L1D.32,C1 Stairs,
Lights,MWSB.8-DL.8-L42.2,4075,
Lights,MWSB.8-DL.8-L42.3,4074,
Lights,MWSB.8-DL.8-L42.4,4090,
Lights,MWSB.8-DL.8-L42.5,4092,
Lights,MWSB.8-DL.8-L42.6,4076,
Lights,MWSB.8-DL.8-L42.6,4077,
Lights,MWSB.8-DL.8-L42.6,4093,
Lights,MWSB.8-DL.8-L42.7,4094,
Lights,MWSB.8-DL.8-L42.8,4095,
Lights,MWSB.8-DL.8-L42.9,4011,
Lights,MWSB.8-DL.8-L42.9,4012,
Lights,MWSB.8-DL.8-L42.9,4013,
Lights,MWSB.8-DL.8-L42.9,4015,
Lights,MWSB.8-DL.8-L42.9,4015A,
Lights,MWSB.8-DL.8-L42.10,4006,
Lights,MWSB.8-DL.8-L42.11,4007,
Lights,MWSB.8-DL.8-L42.12,4008,
Night Lights corr,MWSB.8-DL.8-L42.13,4071,
Night Lights corr,MWSB.8-DL.8-L42.13,4072A,
Night Lights corr,MWSB.8-DL.8-L42.14,4071,
Night Lights corr,MWSB.8-DL.8-L42.14,4072A,
Night Lights corr,MWSB.8-DL.8-L42.15,4009,
Night Lights corr,MWSB.8-DL.8-L42.15,4072,
Night Lights corr,MWSB.8-DL.8-L42.16,4009,
Night Lights corr,MWSB.8-DL.8-L42.16,4072,
Lights,MWSB.8-DL.8-L42.17,4005,
Lights,MWSB.8-DL.8-L42.18,4014,
Lights,MWSB.8-DL.8-L42.19,4016,
Lights,MWSB.8-DL.8-L42.19,375-01,
Lights,MWSB.8-DL.8-L42.19,375-02,
Light,MWSB.8-DL.8-L42.20,400,400W Floodlight
Teachers entrance,MWSB.8-DL.8-L42.20,,
Photosensor Controlled,MWSB.8-DL.8-L42.20,,
Fan F-46,MWSB.8-DL.8-L42.27,,
Fan F-46,MWSB.8-DL.8-L42.29,,
Fan F-46,MWSB.8-DL.8-L42.31,,
L2 via T2,MWSB.8-DL.8-L42.36,,
L2 via T2,MWSB.8-DL.8-L42.38,,
Outlets,MWSB.8-DL.8-L42.34-T2.L2.1,4076,Copier RM4076
Outlets,MWSB.8-DL.8-L42.34-T2.L2.1,324-01,
Outlets corr,MWSB.8-DL.8-L42.34-T2.L2.2,4072,
Outlet water cooler corr,MWSB.8-DL.8-L42.34-T2.L2.2,4073,
Hand Dryer RM4073,MWSB.8-DL.8-L42.34-T2.L2.3,,
Outlets,MWSB.8-DL.8-L42.34-T2.L2.4,4074,
Outlets,MWSB.8-DL.8-L42.34-T2.L2.5,4074,
Outlets,MWSB.8-DL.8-L42.34-T2.L2.6,4074,
Outlets,MWSB.8-DL.8-L42.34-T2.L2.7,4075,
Outlets,MWSB.8-DL.8-L42.34-T2.L2.8,4075,
Outlets,MWSB.8-DL.8-L42.34-T2.L2.9,4075,
Outlets Center bench (South),MWSB.8-DL.8-L42.34-T2.L2.10,322,
Outlets Center bench (North),MWSB.8-DL.8-L42.34-T2.L2.11,322,
Outlets,MWSB.8-DL.8-L42.34-T2.L2.12,4076,
Outlets,MWSB.8-DL.8-L42.34-T2.L2.12,Lunch Room,
Outlets,MWSB.8-DL.8-L42.34-T2.L2.13,4077,
Condenser for Tutor Room,MWSB.8-DL.8-L42.34-T2.L2.14,Roof,
Roof Fan F-44,MWSB.8-DL.8-L42.34-T2.L2.15,,
Fan F-44,MWSB.8-DL.8-L42.34-T2.L2.16,Roof,
Outlets ACCU4,MWSB.8-DL.8-L42.34-T2.L2.17,roof,
Outlets ACCU5,MWSB.8-DL.8-L42.34-T2.L2.17,roof,
Condenser for Tutor Room,MWSB.8-DL.8-L42.34-T2.L2.18,Roof,
Lights,MWSB.8-DL.9-L4GB.3,1052,
Lights,MWSB.8-DL.9-L4GB.3,1053,
Lights cafeteria,MWSB.8-DL.9-L4GB.4,1088,
Lights cafeteria,MWSB.8-DL.9-L4GB.5,1088,
Lights cafeteria,MWSB.8-DL.9-L4GB.5,1091,
Lights cafeteria,MWSB.8-DL.9-L4GB.5,1092A,
Lights cafeteria,MWSB.8-DL.9-L4GB.5,1097A,
Lights cafeteria,MWSB.8-DL.9-L4GB.5,1097B,1097B corridor
Lights,MWSB.8-DL.9-L4GB.12,1078,
Lights,MWSB.8-DL.9-L4GB.12,1079,
Lights,MWSB.8-DL.9-L4GB.12,1081,
Lights,MWSB.8-DL.9-L4GB.12,1082,
Lights,MWSB.8-DL.9-L4GB.12,1089,
Lights,MWSB.8-DL.9-L4GB.15,TV Studio,
Lights Small office,MWSB.8-DL.9-L4GB.15,143-00,
Lights,MWSB.8-DL.9-L4GB.15,143-02,
Roof Fan F-50,MWSB.8-DL.9-L4GB.17,,
Roof Fan F-50,MWSB.8-DL.9-L4GB.19,,
Roof Fan F-50,MWSB.8-DL.9-L4GB.21,,
LGB via TGB,MWSB.8-DL.9-L4GB.25,,
LGB via TGB,MWSB.8-DL.9-L4GB.27,,
Fan F-51,MWSB.8-DL.9-L4GB.23-TGB.LGB.1,Roof,
Fan F-54,MWSB.8-DL.9-L4GB.23-TGB.LGB.1,Roof,
Fan F-55,MWSB.8-DL.9-L4GB.23-TGB.LGB.1,Roof,
Outlets,MWSB.8-DL.9-L4GB.23-TGB.LGB.2,1104,
Outlets corr,MWSB.8-DL.9-L4GB.23-TGB.LGB.2,1104,
Outlets Tele,MWSB.8-DL.9-L4GB.23-TGB.LGB.3,1156,
Outlets,MWSB.8-DL.9-L4GB.23-TGB.LGB.4,1100,
Outlets,MWSB.8-DL.9-L4GB.23-TGB.LGB.5,1100,
Outlets,MWSB.8-DL.9-L4GB.23-TGB.LGB.6,1100,
Outlets,MWSB.8-DL.9-L4GB.23-TGB.LGB.7,1098,
Outlets,MWSB.8-DL.9-L4GB.23-TGB.LGB.8,1098,
Outlets,MWSB.8-DL.9-L4GB.23-TGB.LGB.9,1101,
Outlets,MWSB.8-DL.9-L4GB.23-TGB.LGB.10,1081,
Outlets,MWSB.8-DL.9-L4GB.23-TGB.LGB.11,1082,
Outlets,MWSB.8-DL.9-L4GB.23-TGB.LGB.12,1079,
Outlets,MWSB.8-DL.9-L4GB.23-TGB.LGB.12,1080,
Outlets,MWSB.8-DL.9-L4GB.23-TGB.LGB.13,1094,
Outlets,MWSB.8-DL.9-L4GB.23-TGB.LGB.13,1096,
Outlets,MWSB.8-DL.9-L4GB.23-TGB.LGB.13,1096A,
Outlets,MWSB.8-DL.9-L4GB.23-TGB.LGB.13,1099,
Hand Dryer,MWSB.8-DL.9-L4GB.23-TGB.LGB.14,1094,
Outlets,MWSB.8-DL.9-L4GB.23-TGB.LGB.15,1091,
Outlets,MWSB.8-DL.9-L4GB.23-TGB.LGB.15,1097A,
Outlets,MWSB.8-DL.9-L4GB.23-TGB.LGB.15,1097B,
Outlets,MWSB.8-DL.9-L4GB.23-TGB.LGB.16,1093,
Outlets,MWSB.8-DL.9-L4GB.23-TGB.LGB.17,1093,
Outlets,MWSB.8-DL.9-L4GB.23-TGB.LGB.18,1092,
Outlets,MWSB.8-DL.9-L4GB.23-TGB.LGB.18,1093,
Outlets,MWSB.8-DL.9-L4GB.23-TGB.LGB.19,1092,
Outlets,MWSB.8-DL.9-L4GB.23-TGB.LGB.20,1092A,
Outlets,MWSB.8-DL.9-L4GB.23-TGB.LGB.21,1092A,
Outlets,MWSB.8-DL.9-L4GB.23-TGB.LGB.22,1088,
Cafe North,MWSB.8-DL.9-L4GB.23-TGB.LGB.22,,
Uni Vent Room,MWSB.8-DL.9-L4GB.23-TGB.LGB.22,1088,
Outlets Mezz,MWSB.8-DL.9-L4GB.23-TGB.LGB.23,2020,
UV,MWSB.8-DL.9-L4GB.23-TGB.LGB.24,1088,
UV,MWSB.8-DL.9-L4GB.23-TGB.LGB.25,1088,
UV,MWSB.8-DL.9-L4GB.23-TGB.LGB.26,1091,
UV,MWSB.8-DL.9-L4GB.23-TGB.LGB.26,1093,
Rooftop ACCU controls,MWSB.8-DL.9-L4GB.23-TGB.LGB.27,,
Lights,MWSB.8-DL.9-L4GB.23-TGB.LGB.28,1100,
ACCU controls,MWSB.8-DL.9-L4GB.23-TGB.LGB.29,Roof,
Lights,MWSB.8-DL.9-L4GB.23-TGB.LGB.30,1100,
Outlets,MWSB.8-DL.9-L4GB.23-TGB.LGB.31,1093,
Outlets,MWSB.8-DL.9-L4GB.23-TGB.LGB.32,1093,
Rooftop ACCU controls,MWSB.8-DL.9-L4GB.23-TGB.LGB.33,,
Water Cooler,MWSB.8-DL.9-L4GB.23-TGB.LGB.34,1088,
Lights,MWSB.8-DL.9-L4GB.23-TGB.LGB.35,1100,
Destratification fans,MWSB.8-DL.9-L4GB.23-TGB.LGB.36,1088,
Handicap Door Operator cafeteria,MWSB.8-DL.9-L4GB.23-TGB.LGB.39,1088,
Outlets,MWSB.8-DL.9-L4GB.23-TGB.LGBsec2.43,1093,
Outlets,MWSB.8-DL.9-L4GB.23-TGB.LGBsec2.44,142,
Outlets,MWSB.8-DL.9-L4GB.23-TGB.LGBsec2.45,1093,
Outlets,MWSB.8-DL.9-L4GB.23-TGB.LGBsec2.46,142,
Outlets,MWSB.8-DL.9-L4GB.23-TGB.LGBsec2.47,1093,
Outlets,MWSB.8-DL.9-L4GB.23-TGB.LGBsec2.48,142,
Outlets,MWSB.8-DL.9-L4GB.23-TGB.LGBsec2.49,1093,
Outlets,MWSB.8-DL.9-L4GB.23-TGB.LGBsec2.50,Near outside AC Unit,
Outlets,MWSB.8-DL.9-L4GB.23-TGB.LGBsec2.51,1093,
Outlets,MWSB.8-DL.9-L4GB.23-TGB.LGBsec2.52,AC-3,
Outlets,MWSB.8-DL.9-L4GB.23-TGB.LGBsec2.53,1093,
Outlets,MWSB.8-DL.9-L4GB.23-TGB.LGBsec2.54,AC-3,
Outlets,MWSB.8-DL.9-L4GB.23-TGB.LGBsec2.55,1093,
Outlets,MWSB.8-DL.9-L4GB.23-TGB.LGBsec2.56,AC-2,
Outlets,MWSB.8-DL.9-L4GB.23-TGB.LGBsec2.57,1093,
Outlets,MWSB.8-DL.9-L4GB.23-TGB.LGBsec2.58,AC-2,
Outlets,MWSB.8-DL.9-L4GB.23-TGB.LGBsec2.59,1093,
Outlets,MWSB.8-DL.9-L4GB.23-TGB.LGBsec2.60,AC-1,
Outlets,MWSB.8-DL.9-L4GB.23-TGB.LGBsec2.61,1093,
Outlets,MWSB.8-DL.9-L4GB.23-TGB.LGBsec2.62,AC-1,
Outlets,MWSB.8-DL.9-L4GB.23-TGB.LGBsec2.63,1093,
Outlets,MWSB.8-DL.9-L4GB.23-TGB.LGBsec2.64,AC-4,
Outlets,MWSB.8-DL.9-L4GB.23-TGB.LGBsec2.65,1093,
Outlets,MWSB.8-DL.9-L4GB.23-TGB.LGBsec2.66,AC-4,
Outlets,MWSB.8-DL.9-L4GB.23-TGB.LGBsec2.67,1093,
Outlets,MWSB.8-DL.9-L4GB.23-TGB.LGBsec2.68,AC-4,
Outlets,MWSB.8-DL.9-L4GB.23-TGB.LGBsec2.69,136,
Lights,MWSB.8-DL.10-L41C.1,3089,
Lights,MWSB.8-DL.10-L41C.2,3090,
Lights,MWSB.8-DL.10-L41C.3,3092,
Lights,MWSB.8-DL.10-L41C.4,3098,
Lights,MWSB.8-DL.10-L41C.5,3088,
Lights,MWSB.8-DL.10-L41C.6,257,
Lights,MWSB.8-DL.10-L41C.6,258,
Lights,MWSB.8-DL.10-L41C.7,3033,
Lights,MWSB.8-DL.10-L41C.7,3031,
Lights corr,MWSB.8-DL.10-L41C.8,,
Lights corr,MWSB.8-DL.10-L41C.9,(Night),
Lights,MWSB.8-DL.10-L41C.10,3030,
Lights,MWSB.8-DL.10-L41C.11,3029,
Lights,MWSB.8-DL.10-L41C.12,3028,
Lights,MWSB.8-DL.10-L41C.12,3103,
Lights,MWSB.8-DL.10-L41C.13,3033,
L1C/L1CA via T1C,MWSB.8-DL.10-L41C.24,,
L1C/L1CA via T1C,MWSB.8-DL.10-L41C.26,,
fan F-36,MWSB.8-DL.10-L41C.22-T1C.L1C.1,Roof,
Outlets,MWSB.8-DL.10-L41C.22-T1C.L1C.2,3063,
Outlets,MWSB.8-DL.10-L41C.22-T1C.L1C.3,3057,
Outlets,MWSB.8-DL.10-L41C.22-T1C.L1C.3,3060C,
Outlets,MWSB.8-DL.10-L41C.22-T1C.L1C.4,3062,
Outlets,MWSB.8-DL.10-L41C.22-T1C.L1C.5,3061,
Outlets,MWSB.8-DL.10-L41C.22-T1C.L1C.6,3080,
Outlets,MWSB.8-DL.10-L41C.22-T1C.L1C.7,3078,
Outlets,MWSB.8-DL.10-L41C.22-T1C.L1C.8,3075,
Outlets,MWSB.8-DL.10-L41C.22-T1C.L1C.8,3057,
Outlets,MWSB.8-DL.10-L41C.22-T1C.L1C.9,3081,
Outlets,MWSB.8-DL.10-L41C.22-T1C.L1C.10,3081,
Outlets,MWSB.8-DL.10-L41C.22-T1C.L1C.10,3085,
Outlets,MWSB.8-DL.10-L41C.22-T1C.L1C.11,3075,
Outlets Copy Machine,MWSB.8-DL.10-L41C.22-T1C.L1C.12,3083,
Outlets,MWSB.8-DL.10-L41C.22-T1C.L1C.13,3086,
Outlets,MWSB.8-DL.10-L41C.22-T1C.L1C.14,3087,
Hand Dryer,MWSB.8-DL.10-L41C.22-T1C.L1C.14,3077,
Outlets,MWSB.8-DL.10-L41C.22-T1C.L1C.15,3088,
Outlets,MWSB.8-DL.10-L41C.22-T1C.L1C.16,3088,
Outlets,MWSB.8-DL.10-L41C.22-T1C.L1C.17,3088,
Outlets,MWSB.8-DL.10-L41C.22-T1C.L1C.18,3089,
Outlets,MWSB.8-DL.10-L41C.22-T1C.L1C.19,3089,
Outlets,MWSB.8-DL.10-L41C.22-T1C.L1C.20,3089,
Outlets,MWSB.8-DL.10-L41C.22-T1C.L1C.21,3090,
Outlets,MWSB.8-DL.10-L41C.22-T1C.L1C.22,3090,
Outlets,MWSB.8-DL.10-L41C.22-T1C.L1C.23,3090,
Outlets,MWSB.8-DL.10-L41C.22-T1C.L1C.24,3092,
Outlets,MWSB.8-DL.10-L41C.22-T1C.L1C.25,3092,
Outlets,MWSB.8-DL.10-L41C.22-T1C.L1C.26,3092,
Outlets,MWSB.8-DL.10-L41C.22-T1C.L1C.27,3033,
Outlets,MWSB.8-DL.10-L41C.22-T1C.L1C.28,3033,
Outlets,MWSB.8-DL.10-L41C.22-T1C.L1C.29,3033,
Outlets,MWSB.8-DL.10-L41C.22-T1C.L1C.30,3033,
Outlets,MWSB.8-DL.10-L41C.22-T1C.L1C.31,3033,
Outlets Contactors controls,MWSB.8-DL.10-L41C.22-T1C.L1C.31,3033,
Outlets,MWSB.8-DL.10-L41C.22-T1C.L1C.32,3031,
Outlets,MWSB.8-DL.10-L41C.22-T1C.L1C.33,3031,
Hand Dryer,MWSB.8-DL.10-L41C.22-T1C.L1C.34,3095,
Outlets,MWSB.8-DL.10-L41C.22-T1C.L1C.35,3097,
Outlets,MWSB.8-DL.10-L41C.22-T1C.L1C.35,3047,
Outlets,MWSB.8-DL.10-L41C.22-T1C.L1C.35,3093,
Outlets,MWSB.8-DL.10-L41C.22-T1C.L1C.35,309,309?
Outlets water coolers,MWSB.8-DL.10-L41C.22-T1C.L1C.35,3047,
Hand Dryer,MWSB.8-DL.10-L41C.22-T1C.L1C.36,3084,
Outlets,MWSB.8-DL.10-L41C.22-T1C.L1C.37,3077,
Outlets,MWSB.8-DL.10-L41C.22-T1C.L1C.37,3084,
Outlets,MWSB.8-DL.10-L41C.22-T1C.L1C.37,3085,
Hand Dryer,MWSB.8-DL.10-L41C.22-T1C.L1C.39,3094,
Hand Dryer,MWSB.8-DL.10-L41C.22-T1C.L1C.41,3093,
Hand Dryer,MWSB.8-DL.10-L41C.22-T1C.L1CA.1,3085,
UV,MWSB.8-DL.10-L41C.22-T1C.L1CA.2,3088,
UV,MWSB.8-DL.10-L41C.22-T1C.L1CA.3,3089,
UV,MWSB.8-DL.10-L41C.22-T1C.L1CA.3,3090,
UV,MWSB.8-DL.10-L41C.22-T1C.L1CA.4,3092,
Rizzo Machine,MWSB.8-DL.10-L41C.22-T1C.L1CA.5,3035,
Telepole,MWSB.8-DL.10-L41C.22-T1C.L1CA.6,3031,
Telepole,MWSB.8-DL.10-L41C.22-T1C.L1CA.8,3031,
Lights Exterior soffit (East),MWSB.8-DL.10-L41C.22-T1C.L1CA.9,3097A,
Timeclock,MWSB.8-DL.10-L41C.22-T1C.L1CA.9,3088,
Telepole,MWSB.8-DL.10-L41C.22-T1C.L1CA.10,3031,
Telepole,MWSB.8-DL.10-L41C.22-T1C.L1CA.12,3031,
Telepole,MWSB.8-DL.10-L41C.22-T1C.L1CA.14,3031,
Telepole,MWSB.8-DL.10-L41C.22-T1C.L1CA.16,3031,
Telepole,MWSB.8-DL.10-L41C.22-T1C.L1CA.18,3031,
Lights Dishwashing Area,MWSB.8-DL.12-LGB.1,Kitchen,
Lights,MWSB.8-DL.12-LGB.2,Storage Room,
Lights Paper Storage Room,MWSB.8-DL.12-LGB.2,Kitchen,
Fan Exhaust F-55,MWSB.8-DL.12-LGB.4,,
Fan Exhaust F-56,MWSB.8-DL.12-LGB.9,,
Lights (East),MWSB.8-DL.12-LGB.5-TLGC.LGC-Left.1,cafeteria,
Lights (High Hats),MWSB.8-DL.12-LGB.5-TLGC.LGC-Left.2,cafeteria,
Lights (High Hats),MWSB.8-DL.12-LGB.5-TLGC.LGC-Left.3,cafeteria,
Lights (East),MWSB.8-DL.12-LGB.5-TLGC.LGC-Left.4,cafeteria,
Lights Center Mezz South),MWSB.8-DL.12-LGB.5-TLGC.LGC-Left.5,cafeteria,
Lights (High Hats),MWSB.8-DL.12-LGB.5-TLGC.LGC-Left.6,cafeteria,
Lights (High Hats),MWSB.8-DL.12-LGB.5-TLGC.LGC-Left.7,cafeteria,
Lights (Center Mezz South),MWSB.8-DL.12-LGB.5-TLGC.LGC-Left.8,cafeteria,
Lights (West),MWSB.8-DL.12-LGB.5-TLGC.LGC-Left.9,cafeteria,
Lights (West),MWSB.8-DL.12-LGB.5-TLGC.LGC-Left.10,cafeteria,
Lights (East),MWSB.8-DL.12-LGB.5-TLGC.LGC-Left.11,cafeteria,
Lights (East),MWSB.8-DL.12-LGB.5-TLGC.LGC-Left.12,cafeteria,
Lights (High Hats),MWSB.8-DL.12-LGB.5-TLGC.LGC-Left.13,cafeteria,
Lights (High Hats),MWSB.8-DL.12-LGB.5-TLGC.LGC-Left.14,cafeteria,
Lights (High Hats),MWSB.8-DL.12-LGB.5-TLGC.LGC-Left.15,cafeteria,
Lights (High Hats),MWSB.8-DL.12-LGB.5-TLGC.LGC-Left.16,cafeteria,
Lights (Center Mezz),MWSB.8-DL.12-LGB.5-TLGC.LGC-Left.17,cafeteria,
Lights (West),MWSB.8-DL.12-LGB.5-TLGC.LGC-Left.18,cafeteria,
Lights (Center Mezz),MWSB.8-DL.12-LGB.5-TLGC.LGC-Left.19,cafeteria,
Lights (West),MWSB.8-DL.12-LGB.5-TLGC.LGC-Left.20,cafeteria,
Lights,MWSB.8-DL.12-LGB.5-TLGC.LGC-Left.21,cafeteria Main Vestibule,
Lights,MWSB.8-DL.12-LGB.5-TLGC.LGC-Left.22,(Center Mezz North & South) cafeteria,
Lights,MWSB.8-DL.12-LGB.5-TLGC.LGC-Left.23,(Center Mezz North & South) cafeteria,
Lights,MWSB.8-DL.12-LGB.5-TLGC.LGC-Left.24,(Center Mezz South) cafeteria,
Lights,MWSB.8-DL.12-LGB.5-TLGC.LGC-Left.25,(Center Mezz North) cafeteria,
Outlets,MWSB.8-DL.12-LGB.5-TLGC.LGC-Left.26,(North)  cafeteria,
Outlets,MWSB.8-DL.12-LGB.5-TLGC.LGC-Left.27,(North) (??) cafeteria,
Outlets (South) Ice cream machine,MWSB.8-DL.12-LGB.5-TLGC.LGC-Left.28,cafeteria,
Outlets,MWSB.8-DL.12-LGB.5-TLGC.LGC-Left.29,(North) (??) cafeteria,
Lights,MWSB.8-DL.12-LGB.5-TLGC.LGC-Left.30,Serving Area (North) cafeteria,
Lights Deli,MWSB.8-DL.12-LGB.5-TLGC.LGC-Right.31,Kitchen,
Lights Serving Area (North),MWSB.8-DL.12-LGB.5-TLGC.LGC-Right.32,Kitchen,
Emergency Battery (??),MWSB.8-DL.12-LGB.5-TLGC.LGC-Right.32,Kitchen,
Lights (South),MWSB.8-DL.12-LGB.5-TLGC.LGC-Right.33,cafeteria,
Lights (South),MWSB.8-DL.12-LGB.5-TLGC.LGC-Right.34,cafeteria,
Lights (South),MWSB.8-DL.12-LGB.5-TLGC.LGC-Right.35,cafeteria,
Lights,MWSB.8-DL.12-LGB.5-TLGC.LGC-Right.36,Mechanical Room,
Lights Kitchen Hood,MWSB.8-DL.12-LGB.5-TLGC.LGC-Right.37,Kitchen,
Lights,MWSB.8-DL.12-LGB.5-TLGC.LGC-Right.38,Rail outside bridge,
Outlets Amplifier,MWSB.8-DL.12-LGB.5-TLGC.LGC-Right.39,cafeteria,
Salad Cooler,MWSB.8-DL.12-LGB.5-TLGC.LGC-Right.40,cafeteria,
Salad Cooler,MWSB.8-DL.12-LGB.5-TLGC.LGC-Right.41,cafeteria,
Pump Hot water,MWSB.8-DL.12-LGB.5-TLGC.LGC-Right.42,Mechanical room,
Outlets,MWSB.8-DL.12-LGB.5-TLGC.LGC-Right.43,Mezzanine (Center),
Outlets,MWSB.8-DL.12-LGB.5-TLGC.LGC-Right.44,Crawlspace,
Outlets,MWSB.8-DL.12-LGB.5-TLGC.LGC-Right.45,Kitchen (South),
Lights,MWSB.8-DL.12-LGB.5-TLGC.LGC-Right.46,Kitchen serving area (North),
Incinerator,MWSB.8-DL.12-LGB.5-TLGC.LGC-Right.47,,
Convection oven (Bottom),MWSB.8-DL.12-LGB.5-TLGC.LGC-Right.48,Kitchen,
Convection oven (Top),MWSB.8-DL.12-LGB.5-TLGC.LGC-Right.49,Kitchen,
Guidance Office,MWSB.8-DL.12-LGB.5-TLGC.LGC-Right.50,,
Milk cooler (South),MWSB.8-DL.12-LGB.5-TLGC.LGC-Right.51,Kitchen,
Slicer,MWSB.8-DL.12-LGB.6-TLGD.LGD.1,Kitchen,
Milk Cooler,MWSB.8-DL.12-LGB.6-TLGD.LGD.2,Kitchen,
Outlets,MWSB.8-DL.12-LGB.6-TLGD.LGD.3,Kitchen-Counter,
Soda Fridge,MWSB.8-DL.12-LGB.6-TLGD.LGD.4,Kitchen,
Toaster,MWSB.8-DL.12-LGB.6-TLGD.LGD.5,Kitchen,
Chocolate Machine,MWSB.8-DL.12-LGB.6-TLGD.LGD.6,Kitchen,
Soup drop in pot,MWSB.8-DL.12-LGB.6-TLGD.LGD.7,Kitchen,
Under counter Fridge,MWSB.8-DL.12-LGB.6-TLGD.LGD.8,Kitchen,
Tortia Machine,MWSB.8-DL.12-LGB.6-TLGD.LGD.10,Kitchen,
Microwave,MWSB.8-DL.12-LGB.6-TLGD.LGD.11,Kitchen,
Drop in hot pot,MWSB.8-DL.12-LGB.6-TLGD.LGD.12,Kitchen,
,MWSB.8-DL.12-LGB.6-TLGD.LGD.13,Kitchen,
On RIght,MWSB.8-DL.12-LGB.6-TLGD.LGD.14,Kitchen,
Milk Cooler,MWSB.8-DL.12-LGB.6-TLGD.LGD.15,Kitchen,
Fridge Drop Plug,MWSB.8-DL.12-LGB.6-TLGD.LGD.16,Kitchen,
Milk Cooler,MWSB.8-DL.12-LGB.6-TLGD.LGD.17,Kitchen,
Pizza / Prezel,MWSB.8-DL.12-LGB.6-TLGD.LGD.18,Kitchen,
Popcorm Maker,MWSB.8-DL.12-LGB.6-TLGD.LGD.19,Kitchen,
Serving line equipment,MWSB.8-DL.12-LGB.6-TLGD.LGD.20,Kitchen,
Popcorm Maker,MWSB.8-DL.12-LGB.6-TLGD.LGD.21,Kitchen,
Serving line equipment,MWSB.8-DL.12-LGB.6-TLGD.LGD.22,Kitchen,
Counter Outlets,MWSB.8-DL.12-LGB.6-TLGD.LGD.23,Kitchen,
Serving line equipment,MWSB.8-DL.12-LGB.6-TLGD.LGD.24,Kitchen,
Serving line equipment,MWSB.8-DL.12-LGB.6-TLGD.LGD.25,Kitchen,
Serving line equipment,MWSB.8-DL.12-LGB.6-TLGD.LGD.26,Kitchen,
Serving line equipment,MWSB.8-DL.12-LGB.6-TLGD.LGD.27,Kitchen,
Lights,MWSB.8-DL.13-L41B.1,3015,
Lights,MWSB.8-DL.13-L41B.1,3015A,
Lights,MWSB.8-DL.13-L41B.2,3014,
Lights,MWSB.8-DL.13-L41B.3,3013,
Lights,MWSB.8-DL.13-L41B.4,3012,
Lights,MWSB.8-DL.13-L41B.5,3055,
Lights,MWSB.8-DL.13-L41B.5,3055A,
Lights,MWSB.8-DL.13-L41B.5,3055B,
Lights,MWSB.8-DL.13-L41B.5,3056,
Lights,MWSB.8-DL.13-L41B.5,3058,
Lights,MWSB.8-DL.13-L41B.5,3059,
Lights,MWSB.8-DL.13-L41B.5,3060,
Lights,MWSB.8-DL.13-L41B.5,3054,
Lights,MWSB.8-DL.13-L41B.6,3048,
Lights,MWSB.8-DL.13-L41B.6,3048A,
Lights,MWSB.8-DL.13-L41B.6,3049,
Lights,MWSB.8-DL.13-L41B.6,3050,
Lights,MWSB.8-DL.13-L41B.6,3051,
Lights,MWSB.8-DL.13-L41B.6,3052,
Lights,MWSB.8-DL.13-L41B.6,3076,
Lights,MWSB.8-DL.13-L41B.6,3076A,
Lights,MWSB.8-DL.13-L41B.7,3064,
Lights,MWSB.8-DL.13-L41B.7,3066,
Lights,MWSB.8-DL.13-L41B.7,3067,
Lights,MWSB.8-DL.13-L41B.7,3068,
Lights,MWSB.8-DL.13-L41B.7,3069,
Lights,MWSB.8-DL.13-L41B.7,3070,
Lights,MWSB.8-DL.13-L41B.7,3071,
Lights,MWSB.8-DL.13-L41B.7,3072,
Lights,MWSB.8-DL.13-L41B.7,3073,
Lights,MWSB.8-DL.13-L41B.7,3074,
Lights,MWSB.8-DL.13-L41B.8,3044,
Lights,MWSB.8-DL.13-L41B.8,3045,
Lights,MWSB.8-DL.13-L41B.8,3130,
Lights,MWSB.8-DL.13-L41B.9,3057,
Lights,MWSB.8-DL.13-L41B.9,3078,
Lights,MWSB.8-DL.13-L41B.9,3080,
Lights,MWSB.8-DL.13-L41B.9,3061,
Lights,MWSB.8-DL.13-L41B.9,3062,
Lights,MWSB.8-DL.13-L41B.9,3063,
Lights,MWSB.8-DL.13-L41B.11,3016A,
Lights,MWSB.8-DL.13-L41B.11,3020,
Lights,MWSB.8-DL.13-L41B.11,3021,
Lights,MWSB.8-DL.13-L41B.11,3022,
Lights,MWSB.8-DL.13-L41B.11,3023,
Lights,MWSB.8-DL.13-L41B.12,3024,
Lights,MWSB.8-DL.13-L41B.12,3025,
Lights,MWSB.8-DL.13-L41B.15,3039,
Lights,MWSB.8-DL.13-L41B.15,3040,
Lights,MWSB.8-DL.13-L41B.15,3042,
L1B via T1B,MWSB.8-DL.13-L41B.28,,
L1B via T1B,MWSB.8-DL.13-L41B.30,,
Fan F-37,MWSB.8-DL.13-L41B.26-T1B.L1B.1,Roof,
Fan F-39B,MWSB.8-DL.13-L41B.26-T1B.L1B.1,Roof,
Outlets,MWSB.8-DL.13-L41B.26-T1B.L1B.2,3013,
Outlets,MWSB.8-DL.13-L41B.26-T1B.L1B.3,3013,
Outlets,MWSB.8-DL.13-L41B.26-T1B.L1B.4,3013,
Outlets,MWSB.8-DL.13-L41B.26-T1B.L1B.5,3015A,
Outlets,MWSB.8-DL.13-L41B.26-T1B.L1B.6,3015,
Outlets,MWSB.8-DL.13-L41B.26-T1B.L1B.8,3014,
Outlets,MWSB.8-DL.13-L41B.26-T1B.L1B.9,3014,
Outlets,MWSB.8-DL.13-L41B.26-T1B.L1B.10,3014,
Outlets Copier (??),MWSB.8-DL.13-L41B.26-T1B.L1B.11,3014,
Outlets corr,MWSB.8-DL.13-L41B.26-T1B.L1B.12,3026,
Outlets,MWSB.8-DL.13-L41B.26-T1B.L1B.12,3046,
Outlets,MWSB.8-DL.13-L41B.26-T1B.L1B.13,3048,
Outlets,MWSB.8-DL.13-L41B.26-T1B.L1B.13,3048A,
Outlets,MWSB.8-DL.13-L41B.26-T1B.L1B.13,3049,
Outlets,MWSB.8-DL.13-L41B.26-T1B.L1B.14,3049,
Outlets,MWSB.8-DL.13-L41B.26-T1B.L1B.15,3050,
Outlets,MWSB.8-DL.13-L41B.26-T1B.L1B.16,3048A,
Outlets,MWSB.8-DL.13-L41B.26-T1B.L1B.16,3050,
Outlets,MWSB.8-DL.13-L41B.26-T1B.L1B.16,3076,
Outlets,MWSB.8-DL.13-L41B.26-T1B.L1B.17,3048A,
Outlets,MWSB.8-DL.13-L41B.26-T1B.L1B.17,3051,
Outlets,MWSB.8-DL.13-L41B.26-T1B.L1B.17,3052,
Outlets,MWSB.8-DL.13-L41B.26-T1B.L1B.18,3071,
Outlets,MWSB.8-DL.13-L41B.26-T1B.L1B.19,3070,
Outlets,MWSB.8-DL.13-L41B.26-T1B.L1B.20,3074,
Outlets,MWSB.8-DL.13-L41B.26-T1B.L1B.21,3073,
Outlets,MWSB.8-DL.13-L41B.26-T1B.L1B.22,3072,
Outlets,MWSB.8-DL.13-L41B.26-T1B.L1B.23,3076,
Outlets,MWSB.8-DL.13-L41B.26-T1B.L1B.23,3076B,
Outlets,MWSB.8-DL.13-L41B.26-T1B.L1B.23,3054,
Outlets,MWSB.8-DL.13-L41B.26-T1B.L1B.24,3076,
Outlets,MWSB.8-DL.13-L41B.26-T1B.L1B.25,3071,
Outlets,MWSB.8-DL.13-L41B.26-T1B.L1B.26,3068,
Outlets,MWSB.8-DL.13-L41B.26-T1B.L1B.27,3067,
Outlets,MWSB.8-DL.13-L41B.26-T1B.L1B.28,3054,
Outlets,MWSB.8-DL.13-L41B.26-T1B.L1B.28,3055,
Outlets,MWSB.8-DL.13-L41B.26-T1B.L1B.29,3055,
Outlets,MWSB.8-DL.13-L41B.26-T1B.L1B.30,3055A,
Outlets,MWSB.8-DL.13-L41B.26-T1B.L1B.30,3055B,
Outlets,MWSB.8-DL.13-L41B.26-T1B.L1B.30,3060,
Outlets,MWSB.8-DL.13-L41B.26-T1B.L1B.30,3066,3066 (Refrigerator)
Outlets,MWSB.8-DL.13-L41B.26-T1B.L1B.31,3059,
Outlets,MWSB.8-DL.13-L41B.26-T1B.L1B.32,3066,
Outlets,MWSB.8-DL.13-L41B.26-T1B.L1B.33,3050,
Hand Dryer,MWSB.8-DL.13-L41B.26-T1B.L1B.34,3055A,
Hand Dryer,MWSB.8-DL.13-L41B.26-T1B.L1B.35,3055B,
Outlets,MWSB.8-DL.13-L41B.26-T1B.L1B.36,3050,3050 (Refrigerator)
Hand Dryer,MWSB.8-DL.13-L41B.26-T1B.L1B.37,3051,
Hand Dryer,MWSB.8-DL.13-L41B.26-T1B.L1B.39,3052,
Lights,MWSB.8-DL.14-L41.2,3011,
Lights,MWSB.8-DL.14-L41.3,3010,
Lights,MWSB.8-DL.14-L41.4,3008,
Lights,MWSB.8-DL.14-L41.4,3009,
Lights,MWSB.8-DL.14-L41.4,3007A,
Lights Night Corr,MWSB.8-DL.14-L41.5,3109,
Lights Night Corr,MWSB.8-DL.14-L41.5,3106,
Lights Night Corr,MWSB.8-DL.14-L41.6,3109,
Lights Night Corr,MWSB.8-DL.14-L41.6,3106,
Lights,MWSB.8-DL.14-L41.6,3018,
Lights,MWSB.8-DL.14-L41.6,3019,
Lights,MWSB.8-DL.14-L41.7,3026,
Lights,MWSB.8-DL.14-L41.7,3028,
Lights,MWSB.8-DL.14-L41.8,3027,
Lights,MWSB.8-DL.14-L41.10,3025,
Lights,MWSB.8-DL.14-L41.11,3024,
Lights,MWSB.8-DL.14-L41.12,3114,
Lights,MWSB.8-DL.14-L41.13,3113,
Lights,MWSB.8-DL.14-L41.14,3112,
Lights,MWSB.8-DL.14-L41.15,3110,
Lights Night Corr,MWSB.8-DL.14-L41.16,3110,
Exterior Lights,MWSB.8-DL.14-L41.19,,
Timeclock TC-8,MWSB.8-DL.14-L41.19,Science Wing,
F-42,MWSB.8-DL.14-L41.21,,
F-42,MWSB.8-DL.14-L41.23,,
F-42,MWSB.8-DL.14-L41.25,,
T1/L1,MWSB.8-DL.14-L41.29,,
T1/L1,MWSB.8-DL.14-L41.31,,
Outlets,MWSB.8-DL.14-L41.27-T1.L1.2,3025,
Outlets,MWSB.8-DL.14-L41.27-T1.L1.3,3025,
Outlets,MWSB.8-DL.14-L41.27-T1.L1.4,3025,
Outlets,MWSB.8-DL.14-L41.27-T1.L1.5,3024,
Outlets,MWSB.8-DL.14-L41.27-T1.L1.6,3024,
Contactor Control,MWSB.8-DL.14-L41.27-T1.L1.6,3024,
Outlets,MWSB.8-DL.14-L41.27-T1.L1.7,3024,
Outlets,MWSB.8-DL.14-L41.27-T1.L1.8,3024,
Outlets,MWSB.8-DL.14-L41.27-T1.L1.9,3024,
Outlets,MWSB.8-DL.14-L41.27-T1.L1.10,3024,
Outlets,MWSB.8-DL.14-L41.27-T1.L1.10,3025,
Outlets,MWSB.8-DL.14-L41.27-T1.L1.11,3025,
Outlets,MWSB.8-DL.14-L41.27-T1.L1.12,3024,
Outlets,MWSB.8-DL.14-L41.27-T1.L1.13,3024,
Outlets,MWSB.8-DL.14-L41.27-T1.L1.14,3020,
Outlets,MWSB.8-DL.14-L41.27-T1.L1.15,3020,
Outlets,MWSB.8-DL.14-L41.27-T1.L1.15,3023,
Outlets Water Cooler,MWSB.8-DL.14-L41.27-T1.L1.16,3026,
Outlets,MWSB.8-DL.14-L41.27-T1.L1.17,3021,
Outlets,MWSB.8-DL.14-L41.27-T1.L1.17,3022,
Outlets,MWSB.8-DL.14-L41.27-T1.L1.18,3018,
Outlets,MWSB.8-DL.14-L41.27-T1.L1.18,3020,
Outlets,MWSB.8-DL.14-L41.27-T1.L1.19,3019,
Hand Dryer,MWSB.8-DL.14-L41.27-T1.L1.20,3017,
Outlets,MWSB.8-DL.14-L41.27-T1.L1.21,3012,
Outlets,MWSB.8-DL.14-L41.27-T1.L1.22,3012,
Outlets,MWSB.8-DL.14-L41.27-T1.L1.23,3012,
Outlets,MWSB.8-DL.14-L41.27-T1.L1.24,3011,
Outlets,MWSB.8-DL.14-L41.27-T1.L1.25,3011,
Outlets,MWSB.8-DL.14-L41.27-T1.L1.26,3011,
Outlets,MWSB.8-DL.14-L41.27-T1.L1.27,3010,
Outlets,MWSB.8-DL.14-L41.27-T1.L1.28,3010,
Outlets,MWSB.8-DL.14-L41.27-T1.L1.29,3010,
Outlets,MWSB.8-DL.14-L41.27-T1.L1.30,3016,
Hand Dryer,MWSB.8-DL.14-L41.27-T1.L1.31,3021,
Hand Dryer,MWSB.8-DL.14-L41.27-T1.L1.33,3022,
Cooktop,MWSB.8-DL.14-L41.27-T1.L1.39,3025,
Outlets Dishwasher,MWSB.8-DL.14-L41.27-T1.L1.40,3025,
Cooktop,MWSB.8-DL.14-L41.27-T1.L1.41,3025,
Outlets Refrigerator,MWSB.8-DL.14-L41.27-T1.L1.42,3025,
150 KVA theater dimmer,MWSB.9-AMDP.5,,
Handicap Elevator,MWSB.9-AMDP.8,,
75 KVA house dimmer,MWSB.9-AMDP.9,,
RTU-6,MWSB.9-AMDP.3-HSHTA.1,,
RTU-4,MWSB.9-AMDP.3-HSHTA.2,,
RTU-3,MWSB.9-AMDP.3-HSHTA.3,,
CUH ramp #3054,MWSB.9-AMDP.3-HSHTA.5,,
RTU-5,MWSB.9-AMDP.3-HSHTA.6,,
CUH ramp #3050,MWSB.9-AMDP.3-HSHTA.7,,
CUH vest #1038,MWSB.9-AMDP.3-HSHTA.8,,
CUH corr,MWSB.9-AMDP.3-HSHTA.9,1049,
CUH vest #1038,MWSB.9-AMDP.3-HSHTA.10,,
Baseboard (BB) heat,MWSB.9-AMDP.3-HSHTA.13,1039,C1039
Baseboard (BB) heat,MWSB.9-AMDP.3-HSHTA.13,1044,
Baseboard (BB) heat,MWSB.9-AMDP.3-HSHTA.14,1048,C1048
Baseboard (BB) heat,MWSB.9-AMDP.3-HSHTA.15,1040,C1040
Baseboard (BB) heat,MWSB.9-AMDP.3-HSHTA.16,1048,C1048
Baseboard (BB) heat,MWSB.9-AMDP.3-HSHTA.17,1047,C1047
Baseboard (BB) heat,MWSB.9-AMDP.3-HSHTA.18,1048,C1048
Baseboard (BB) heat CUH corr,MWSB.9-AMDP.3-HSHTA.19,1052,C1052
Baseboard (BB) heat CUH corr,MWSB.9-AMDP.3-HSHTA.21,1053,C1053
RTU-7,MWSB.9-AMDP.4-HSHTB.1,,
Baseboard (BB) heat CUH vest,MWSB.9-AMDP.4-HSHTB.2,1073,C1073
Baseboard (BB) heat CUH corr,MWSB.9-AMDP.4-HSHTB.3,1054,C1054
Baseboard (BB) heat CUH vest,MWSB.9-AMDP.4-HSHTB.4,1073,C1073
RTU-8,MWSB.9-AMDP.4-HSHTB.5,,
Baseboard (BB) heat CUH vest,MWSB.9-AMDP.4-HSHTB.6,3055,C3055
Baseboard (BB) heat,MWSB.9-AMDP.4-HSHTB.9,1074,C1074
Baseboard (BB) heat,MWSB.9-AMDP.4-HSHTB.9,1076,C1076
Baseboard (BB) heat,MWSB.9-AMDP.4-HSHTB.10,1078,C1078
Baseboard (BB) heat,MWSB.9-AMDP.4-HSHTB.10,1080,C1080
Baseboard (BB) heat,MWSB.9-AMDP.4-HSHTB.10,1082,C1082
Baseboard (BB) heat,MWSB.9-AMDP.4-HSHTB.10,1084,C1084
Baseboard (BB) heat CUH corr,MWSB.9-AMDP.4-HSHTB.11,1055,C1055
Baseboard (BB) heat Stage,MWSB.9-AMDP.4-HSHTB.12,1066,C1066
Baseboard (BB) heat CUH corr,MWSB.9-AMDP.4-HSHTB.13,1056,C1056
Baseboard (BB) heat Stage,MWSB.9-AMDP.4-HSHTB.14,1066,C1066
Baseboard (BB) heat CUH corr,MWSB.9-AMDP.4-HSHTB.15,1057,C1057
Baseboard (BB) heat Stage,MWSB.9-AMDP.4-HSHTB.16,1066,C1066
Baseboard (BB) heat,MWSB.9-AMDP.4-HSHTB.17,1069,C1069
Lights,MWSB.9-AMDP.6-HSHLB.1,CC Theater arts C06,
Lights,MWSB.9-AMDP.6-HSHLB.2,1054,CC corr C1054
Lights,MWSB.9-AMDP.6-HSHLB.3,CC Theater arts C06,
Lights,MWSB.9-AMDP.6-HSHLB.4,1049,CC corr C1049
Lights,MWSB.9-AMDP.6-HSHLB.5,CC Theater arts C06,
Lights,MWSB.9-AMDP.6-HSHLB.6,CC Main Hall,
Lights,MWSB.9-AMDP.6-HSHLB.7,CC Mezzanine,
Lights,MWSB.9-AMDP.6-HSHLB.8,CC Costume,
Lights,MWSB.9-AMDP.6-HSHLB.8,CC Props,
Lights,MWSB.9-AMDP.6-HSHLB.8,CC Custodian Room C06,
Lights,MWSB.9-AMDP.6-HSHLB.10,CC coat room,
Lights,MWSB.9-AMDP.7-HSHLA.3,CC Coat & Closet,
Lights,MWSB.9-AMDP.7-HSHLA.4,1040,CC C1040
Lights,MWSB.9-AMDP.7-HSHLA.4,1044,CC C1044
Lights,MWSB.9-AMDP.7-HSHLA.4,1045,CC C1045
Lights,MWSB.9-AMDP.7-HSHLA.4,1046,CC C1046
Lights,MWSB.9-AMDP.7-HSHLA.4,1047,CC C1047
Lights,MWSB.9-AMDP.7-HSHLA.5,1124,CC Music C1124
Lights,MWSB.9-AMDP.7-HSHLA.6,1044,CC C1044
Lights,MWSB.9-AMDP.7-HSHLA.6,1045,CC C1045
Lights,MWSB.9-AMDP.7-HSHLA.6,1046,CC C1046
Lights,MWSB.9-AMDP.7-HSHLA.6,1047,CC C1047
Lights,MWSB.9-AMDP.7-HSHLA.7,1048,CC Music-C1048
Lights,MWSB.9-AMDP.7-HSHLA.8,CC Main Entrance,
Lights,MWSB.9-AMDP.7-HSHLA.9,CC Control Room,
Lights,MWSB.9-AMDP.7-HSHLA.10,1049,CC Indirect corr C1049
Lights,MWSB.9-AMDP.7-HSHLA.11,1109,CC Ticket Office constant feed C1109
Lights,MWSB.9-AMDP.7-HSHLA.12,1050,CC Indirect corr C1050
Lights,MWSB.9-AMDP.7-HSHLA.13,CC Guide,
Heaters,MWSB.9-AMDP.7-HSHLA.14,CC TV,
Lights,MWSB.9-AMDP.7-HSHLA.15,CC TV Dept.store room,
Lights,MWSB.9-AMDP.7-HSHLA.16,CC Power Room,
Outlets,MWSB.9-AMDP.7-HSHLA.100-TCC.HSHLAsec1.1,1051,CC Corr TV C1051
Outlets Audio Recording,MWSB.9-AMDP.7-HSHLA.100-TCC.HSHLAsec1.2,CC corr,
Outlets,MWSB.9-AMDP.7-HSHLA.100-TCC.HSHLAsec1.3,1051,CC Corr TV C1051
Outlets Audio Recording,MWSB.9-AMDP.7-HSHLA.100-TCC.HSHLAsec1.4,CC corr,
Outlets,MWSB.9-AMDP.7-HSHLA.100-TCC.HSHLAsec1.5,1051,CC Corr TV C1051
Outlets Audio Recording,MWSB.9-AMDP.7-HSHLA.100-TCC.HSHLAsec1.6,CC corr,
Outlets,MWSB.9-AMDP.7-HSHLA.100-TCC.HSHLAsec1.7,CC Coat Room,
Outlets,MWSB.9-AMDP.7-HSHLA.100-TCC.HSHLAsec1.7,Upper Studio Rec room,
Outlets,MWSB.9-AMDP.7-HSHLA.100-TCC.HSHLAsec1.8,CC Conference Room,
Outlets,MWSB.9-AMDP.7-HSHLA.100-TCC.HSHLAsec1.8,CC Practice Recording,
Fan F-29,MWSB.9-AMDP.7-HSHLA.100-TCC.HSHLAsec1.9,3122,Roof-Rm3122
Fan F-30,MWSB.9-AMDP.7-HSHLA.100-TCC.HSHLAsec1.9,3120,Roof-Rm3120
Outlets CC Instrument Room,MWSB.9-AMDP.7-HSHLA.100-TCC.HSHLAsec1.10,,
Fan F-33,MWSB.9-AMDP.7-HSHLA.100-TCC.HSHLAsec1.11,4088,
Fan F-36,MWSB.9-AMDP.7-HSHLA.100-TCC.HSHLAsec1.11,#3rd Floor Toilet,
Outlets,MWSB.9-AMDP.7-HSHLA.100-TCC.HSHLAsec1.12,CC Instrument Room,
Lights,MWSB.9-AMDP.7-HSHLA.100-TCC.HSHLAsec1.13,CC Sound Room aisle,
Lights,MWSB.9-AMDP.7-HSHLA.100-TCC.HSHLAsec1.14,CC Exterior Wall,
Lights,MWSB.9-AMDP.7-HSHLA.100-TCC.HSHLAsec1.15,1051,CC Exit cor C1051
Lights,MWSB.9-AMDP.7-HSHLA.100-TCC.HSHLAsec1.16,CC Front Entry Wall,
Lights,MWSB.9-AMDP.7-HSHLA.100-TCC.HSHLAsec1.17,3050,CC Ramp 3050
Outlets,MWSB.9-AMDP.7-HSHLA.100-TCC.HSHLAsec1.17,CC,
Lights,MWSB.9-AMDP.7-HSHLA.100-TCC.HSHLAsec1.18,CC Entry Pole,
Lights,MWSB.9-AMDP.7-HSHLA.100-TCC.HSHLAsec1.19,3054,CC Ramp 3054
Lights,MWSB.9-AMDP.7-HSHLA.100-TCC.HSHLAsec1.19,3055,CC Ramp 3055
Lights,MWSB.9-AMDP.7-HSHLA.100-TCC.HSHLAsec1.20,CC Sound Room,
Lights,MWSB.9-AMDP.7-HSHLA.100-TCC.HSHLAsec1.21,1059,CC Stairway C1059
Lights,MWSB.9-AMDP.7-HSHLA.100-TCC.HSHLAsec1.22,3054,CC Ramp 3054
Lights,MWSB.9-AMDP.7-HSHLA.100-TCC.HSHLAsec1.22,CC Men's bathroom,
Lights,MWSB.9-AMDP.7-HSHLA.100-TCC.HSHLAsec1.23,CC Contactor Control,
Outlets,MWSB.9-AMDP.7-HSHLA.100-TCC.HSHLAsec1.24,CC Sound Room,
Outlets,MWSB.9-AMDP.7-HSHLA.100-TCC.HSHLAsec1.24,CC Audio Rec,
Motorized Partition,MWSB.9-AMDP.7-HSHLA.100-TCC.HSHLAsec2.25,,
Motorized Partition,MWSB.9-AMDP.7-HSHLA.100-TCC.HSHLAsec2.27,,
Typing Room Recording,MWSB.9-AMDP.7-HSHLA.100-TCC.HSHLAsec2.29,,
Lights,MWSB.9-AMDP.7-HSHLA.100-TCC.HSHLAsec2.30,1041,CC Bathroom C1041
Lights,MWSB.9-AMDP.7-HSHLA.100-TCC.HSHLAsec2.30,1043,CC Bathroom C1043
Lights,MWSB.9-AMDP.7-HSHLA.100-TCC.HSHLAsec2.30,1061,CC Bathroom C1061
Auditorium Projection,MWSB.9-AMDP.7-HSHLA.100-TCC.HSHLAsec2.31,,
Firemen's Control Panel,MWSB.9-AMDP.7-HSHLA.100-TCC.HSHLAsec2.32,,
Lights,MWSB.9-AMDP.7-HSHLA.100-TCC.HSHLAsec2.33,CC catwalk type P,
Pump Emergency Sprinkler,MWSB.9-AMDP.7-HSHLA.100-TCC.HSHLAsec2.34,CC,
Lights,MWSB.9-AMDP.7-HSHLA.100-TCC.HSHLAsec2.35,CC main catwalk,
Fan F-36,MWSB.9-AMDP.7-HSHLA.100-TCC.HSHLAsec2.36,,
Water cooler,MWSB.9-AMDP.7-HSHLA.100-TCC.HSHLAsec2.36,1049,C1049
Lights,MWSB.9-AMDP.7-HSHLA.100-TCC.HSHLAsec2.37,CC main catwalk,
Fan F-36,MWSB.9-AMDP.7-HSHLA.100-TCC.HSHLAsec2.38,,
Lights,MWSB.9-AMDP.7-HSHLA.100-TCC.HSHLAsec2.39,"CC Recording room, follow light pole (??)",
Lights,MWSB.9-AMDP.7-HSHLA.100-TCC.HSHLAsec2.41,CC main catwalk,
Outlets,MWSB.9-AMDP.7-HSHLA.100-TCC.HSHLAsec2.42,CC TV Office,
Lights,MWSB.9-AMDP.7-HSHLA.100-TCC.HSHLAsec2.43,CC main catwalk,
Stage fire curtains control unit,MWSB.9-AMDP.7-HSHLA.100-TCC.HSHLAsec2.44,CC,
Lights,MWSB.9-AMDP.7-HSHLA.100-TCC.HSHLAsec2.45,"CC Recording room, follow light pole (??)",
ICI repeater above ceiling,MWSB.9-AMDP.7-HSHLA.100-TCC.HSHLAsec2.46,C02,
Fire Alarm feed,MWSB.9-AMDP.7-HSHLA.100-TCC.HSHLAsec2.47,CC,
5 Wire 50 A Recorder (??),MWSB.9-AMDP.7-HSHLA.100-TCC.HSHLAsec2.49,CC,
